text,polarity
ظريف شكله محبب وسهل الاستعمال بالنسبه لابنتي اللغه العربيه والانجلبزيه وكاميرا ومكان لخطين وذاكره خارجيه ميكرو السماعات الخارجيه تعطلت استعمالها بدقاءق انصح كهديه للبنات الصغار,1
بصراحه يستحق اكثر,1
انصح لصديق قريب,1
الجهاز جدا مهم لسهوله استخدامه وصغر حجمه,1
انصح احد باستخدام تجربه,1
سلعه ممتازه ينصح,1
ممتاز الطلب,1
متعدد الاستخدام يعمل بالبطاريه سريع جدا صغير الحجم نسبيا بالنسبه لحلاقه الذقن يفي بالغرض,1
شكلها جميل جدا وفتره التوصيل راءعه,1
ساعه جيده وعمليه ضد الماء شبابيه سعرها مناسب جدا جودتها ويكفي انها صنع شركه كاسيو انصح اصدقاءي,1
جزاك الله خير وسعدت بالتعامل معاك,1
عطر جميل جدا ومناسب كهديه جميله,1
ممتازه الاستخدام ومرونه التنقل,1
ميزان شكله جيد وانيق وحساس حتي جرام ويعمل بالبطاريه الداءريه الشكل بطاريات الساعه,1
شكرا علي حسن البيع وبارك الله ولي تعامل اخر باذن الله,1
جميل جدان انصح الكل يشتريه وي يسيبه كلام الناس,1
صراحه عطر جدا ممتاز وانصح,1
الساعه تصميمها راءع جودتها ممتازه,1
رراءع,1
ممتاز انصح بشراءه فهو جيد للاناقه الرجاليه,1
ماشاء الله راءعه وسهله للكي وسريعه الكي ولها قاعده مانعه للالتصاق بجد راءعه فرنسيه الصنع وفي سوق لاقيتها ارخص بره السوق شكرا سوق,1
لوحه الكترونيه ممتازه للتحكم بالدواءر الصغيره ينصح سن سنوات وبامكان الشخص البحث اليوتيوب لمعرفه فواءدها التعليميه,1
جيد واتمني التقدم الي الامام سوق كوم,1
السلعه جيده ثمنها مقبول مصنع معروف سمعه ضمان العربي شحن سريع حافظ علي السلعه بشكل جيد,1
صناعه ممتازه وراءعه يعمل ببطاريات عادي وفيها خاصيه قفل لكني اجد خاصيه مءشر لحاله البطاريه طبعا,1
سلعه جيده جدا,1
السعو مبالغ جدا,1
بصراحه ساعه راءعه,1
جيده جدا والباءع سريع شحن البضاعه,1
جيده جدا يميزها الجوده العاليه حجمها صغير نسبيا وهذا يعيبها وانصح كهديه لحبيبتك ايا كانت,1
خامه معقوله جيده التشكل قابله للتوسعه,1
ممتاز الحمد لله,1
ممتازه وذكيه السرعه الاولي لاتعصر وتنضيفها معقد الشي,1
ممتاز انصح,1
ممتاز جدا استخدمته سوق دت كوم عشره ايام ولاحضت كثير الفرق يبدو الشخص عندما يرتديه انيق جدا يخفي الكرش,1
اشتريت حبات هدايا للاقارب,1
صناعه سامسونج,1
الجهاز ممره ممتاز بالنسبه لسعره وبالنسبه لاداءه الشبك الي داخل المكينه صغير العلم ان المكينه تستوعب اكثر ينفع للعزابين والمتزوج الجديد,1
ساعه عمليه وجيده,1
السلعه كالمذكوره تمام ويكرا للباءع علي سرعه الشحن والتغليف الجيد للمعجون,1
الفيتامينات ماره ممتازه وعن تجربه شخصيه تنعم الشعر,1
المنتج جيد خصاءص للتشغيل حجاره رخيصه تكلفه الشحن غالي,1
جميله يمكن الاعتماد عليها سعرها مناسب للجميع,1
المنتج جميل جدا ياباشا وتسلم علي المجهود ونتمني المزيد والمزيد التقدم,1
اشتريت الساعه سته اشهر وارتديها يوم زالت تعمل بشكل ممتاز,1
سرعه التوصيل المنتج راءع واوصي,1
ممتازه جدا النواحي,1
جدا راءع شكرا,1
جهاز ممتاز وجبار خاصه تقيات التصوير العاليه المدمجه,1
ايجابيات سلبيات بدله تخسيس رياضيه ‫,1
نظاره ماركه جيده ضمان وشكل عصري انيق,1
جميل حل مشكله عندي يمكنك توصيل اكتر جهاز التبديل بينهم خلال الزر الموجود السويتش رسيفر بلاي ستيشن دي دي كاميرا اي حاجه انت عايزها,1
ايجابيات سلبيات زيت الحشيش الافغاني الخام لتطويل الشعر والتساقط,1
يشبه الذهب الاصلي وخامته جيده,1
منتج جميل تم وصفه,1
منتج راءع وقوي وبينزل فعلا الوزن بسرعه,1
العطر اكثر راءع,1
كفر ممتاز جدا للايباد اير صراحه فخامه وجوده راءعه حتي الان وراح يبان الوقت قوه الماده المستخدمه الصناعه,1
منتج ممتاز وعلمي الوقت,1
خامه جيده ومتينه والتصميم جذاب جدا والسعر مناسب جدا وفتره التوصيل والشحن ممتازه وتغليف السلعه جيد,1
راءعه جدا جدا,1
موبايل جامد اوي وبرستيش,1
تجربه جيده جدا والعطر راءحته جده راءعه وهادي وغير مزعج وشكرا,1
جميل جدا,1
راءعه,1
خامه ممتازه تناسب الاطفال ونوعيتها ولاتوثر علي جلد الطفل وجفاف تام طوال الليل ولايوجد اي تسريب,1
ممتاز يوقف التساقط ويطول حل مشاكل شعر,1
شماغ راءع ومميز,1
اعجبتني السلعه وانصح الجميع بشراءها استعملتها لعصر البرتقال والليمون ولاحظت بانها تخرج العصير كاملا حبه الليمون او البرتقاله,1
جميله جدا ولونها خرافي الوصف,1
الريحه الاصليه اقل تركيز,1
سلعه جميله وراءعه,1
ايجابيات سلبيات,1
سلعه جميله لغرف الاطفال تضيف لمسه مميزه باضاءه لطيفه تناسب اعمارهم واهتماماتهم,1
المكينه عمليه قاعده التثبيت كانت مدعومه اكثر,1
السلعه وصلتني ممتازه جدا وسعرها جدا متميز وانصح الاصدقاء تميزه واهتمامه,1
جيد وراءع,1
جيده وصغيره عمليه سعرها الرخيص جيده وصغيره عمليه سعرها الرخيص جيده وصغيره عمليه سعرها الرخيص,1
روعه,1
الجهاز جدا عملي وممتاز يوفر والوقت والجهد وسهل الاستخدام انصح الجميع شراء السلع واقع تجربتي,1
ممتازه عمليه وسعرها معقول جدا,1
ممتاز وجميل ويعجب اكثر الناس واري المواصفات دقه الشاشه وحجم الذاكره جميله جدا سعره مرتفع جدا,1
البروشورات وجت الرام جيجا وفي اخري وجدتها جيجا غريب الموضوع ده فعلا,1
حلوه,1
التاب جيد بالنسبه الي الفءه السعريه,1
ممتاز جدا ويعمل بالبطاريات وشكله متناسق وجميل,1
احجامها متنوعه,1
توصيل سريع وسلعه ممتازه,1
المنتج جميل وراءع كشكل العبوه وراءحته الذكيه,1
منشار رهيب استعملته علي خشب سمكه سم تم قطعها ثواني,1
الكفر راءع بحق يعطي افضل حمايه ممكنه للمحمول خاماته مميزه وفكره وضعه بالاستاند ممتازه وعمليه جدا وايضا تعليقه بالحزام راءعه مشكلته الوحيده فقط الحجم الي حد كبير باس مقابل مميزاته,1
جيده وانصح باستخدامها,1
جميله وعصريه انصح,1
سلعه ممتازه وسريعه وسهل الاستخدام انصح لصديق,1
ساحر,1
الجهاز ممتاز جدا,1
مصنوع خامات عاليه الجوده,1
الكمبيوتر ممتاز عيبه فقط الصوت,1
الشكل وامكانياته كبيره,1
منتج راءع جدا يساعد علي تنظيف زيت نظام الوقود الخاص بالسياره,1
جهاز اصلي وانصح للكل ماركه عالميه وجهاز اكثر راءع اصلي وامكانياته راءعه,1
ممتازه جدا وجميله تاخذ حيزا كبيرا المطبخ,1
العطر بربري بيت اودي تواليت راءع وبسعر مناسبا جدا وخدمه التوصيل كانت وقت قصير تقريبا اسبوع وانصح بشراءه,1
ساعه جميله جدا ونوعيه وسعر راءع,1
عمليه وسهله الاستخدام تحتاج حرص الاستعمال المدد الطويله لان الموتور بيسخن اشغل امتقطع مفيش مشكله نهاءي,1
اصليه عمليه,1
منتج جيد جدا سهل الاستعمال,1
سريع الشحن والتوصيل,1
انصح الجميع بشراءها راءعه جدا سريعه الطباعه سعرها رخيص,1
ممتازهحتي الا ومشجعه وسهله تحصيلها وتوصيلها الف شكر لكل ساهم ايصالها,1
ممتازه بكل المقايس وافضل سامسونج ومفيش تهنيج تجربه شهر استعمال رغم فتح التطبيقات الكتير,1
كاميرا اكثر راءعه ساشتريها قريبا,1
لمن يبحث جهاز صغير الحجم ورخيص الثمن بمواصفات عاليه وصناعه جيده واداء راقي ونظام جميل,1
رسوماتها كبيره وجميله ومختلفه وتوصل بسرعه وتطبع بسرعه وجيده الصنع معاها كرستالات للزظافر وملقط للكرستالات واداه تنقيط ممتازه واختصرت علي شراء الادوات,1
جهاز مفيد وعملي,1
جدا راءع ومواصفاته ايجابيه,1
الحجم صغير لهذه السلعه,1
ممتازه جدا ومطابقه للوصف,1
الوات كويس ويضاهي الكينود الغاليه وفيلبس اللي وفيها سرعتين واحده بالضغط مميزاتها حجمها ايضا,1
العطر جيد استلمته بحاله ممتازه انصح فعلا العطر يدوم علي الملابس السعر ممتاز فعلا ارخص السوق,1
فخم ريحته وعلبه جدا فاخرخه لهديه تبيض الوجه وللبيت ريحه تسر الخاطر,1
مناسبه لاعمار مختلفه الاطفال,1
مجموعه متنوعه وممتاز مناسب للسفر,1
كارت فيجا قوي جدا ويحتاج لتركيبه بروسيسور لايقل,1
جيد الحاجه,1
العطر اعجبني جميل ريحته حلوه واود ان اشتري مرره اخري ومميز تاللزلززرروننممنترروثننممننتورر,1
جميله جدا وسعرها معقول,1
الجهاز جيد جدا وانصح الكاميرا بالدقه المطلوبه,1
ممتازه تلبي الاحتياجات المطلوبه راءعه مريحه انصح بشراءها شكرا جزيلا,1
فعلا انه عطر الرغبه وعطر الاناقه وعطر الرجوله وعطر لشاب العصري الحديث الانيق عطر يفوح مشاعر الاحساس والحب والشغف والمحبه والشوق والاناقه عطر مغناطيسي يجذب يشمه وعاد نكثر الكلام لان ديزاير دنهل معروف واللي يعرفه يندم اخذه احد افضل عطوري اقتنيتها زلت امتلكه الي الان,1
الرواتر ممتاز سريع جدا عدم توقف النت تشغيل مقاطع علي اليو تيوب ويدعم الجيل الرابع والثالث وشبكات انصح تجربه لان منتجات لينك بصراحه ممتازه,1
اروع مكينات الحلاقه امتلكتها وانا شاكر علي المنتج الراءع,1
ايجابيات سلبيات,1
الحجم صغير ينفع للجنسين فقط تنفع للاناث لصغر حجمها,1
موبيل ممتاز وانصح بشراءه,1
جميله جدا مغلفه الاجمل الاساور جاءت معها اشكرك اخي الكريم فرصه سعيده للشراء معكم مره اخري,1
السلعه سهله الاستخدام تعمل علي التيار الكهربي مباشره,1
راءعه جدا واتمني ان احصل عليها لولدي,1
جميل جدا اعطيت نجوم بسبب التاخير السلعه,1
السرير او المحجر يسمي ممتاز نوم ولعب بامان خاصه للاطفال الرضع اقل سنوات,1
سلعه جيده وسعر مناسب وامكانيات جيده وتلبي معظم الاحتياجات والعرض جعلها ممتازه واصبح سعرها مميز بالنسبه لمثيلاتها,1
التصميم الخامه ممتازه ارجو ان يكون متابعه افضل لتحرك السلعه حتی يتم استلامها العميل,1
منتج يستحق الشراء,1
جميل ومميز وينصح,1
ممتاز جدا وسعر ممتاز,1
جميل جدا والاجمل شكله وكتابته,1
خواتم جميله,1
ممتازه جدا,1
الساعه راءعه,1
مطابق للصوره ويتميز ببساطته ونعومته,1
ساعه قمه الروعه,1
مره حلوه الصابون الافريقي,1
منتج شكله جميل جدا وعملي حتي تقدر تقدمه وجود ضيف علي الغذاء واستخداماته كتيره,1
المنتج جيد ويعطي حمايه قويه للايفون وشكله شيك ولكنه ثقيل الشيء,1
شكرا للباءع علي التعامل الممتاز,1
انا استخدم الجهاز اربع سنوات ولم يحدث اي ديفو,1
يمكن استخدامها الحفلات وخصوصا اعياد ميلاد الاطفال,1
مضخه الهواء لاتعمل يجب,1
سلعه راءعه وابداع التغليف بكل صدق انت قمت الصدق والنزاهه اعطاء المعلومات سلعتك اكثر ممتاز وسيكون تعامل كثير جدا فانا عشاق العملات انصح بقوه التعامل معه واشكر بشده سوق كوم اعطاني الفرصه التعرف,1
ممتاز جدا احب ان املك الهاتف لانه يدعم شبكه سعره مرتفع شوي ياليت يكون عرض افضل الهاتف ناحيه حجمه المناسب,1
راءعه وعمليه تسهل عمليه تسريح الشعر فرشتين للشعر بمقاسين مختلفين تناسب طول الشعر المتوسط والطويل صناعه صينيه سرعه التوصيل,1
ممتازه والتوصيل جداسريع,1
حذاء جميل وعملي,1
جهاز قوي جدا ويتحمل وصلب ومميزاته قويه جدا سعره عالي سعره بالسوق والمحلات ارخص سعركم فيرجي مراجعه السعر حتي نستطيع شراءه,1
منتجات السلامه لطفل ممتازه,1
ممتازه ملاحظه مهمه ارجو عرض السلعه بالعربي حتي نجد اللون المناسب فليس يشتري يقرا انجليزي وهذا ظلم للمشتري وخساءر للباءع لانني ترددت بالشراء لعدم معرفتي الفرق,1
ايجابيات سلبيات ماكينه للحلاقه,1
منتج ممتاز رخيص,1
ايجابيات سلبيات كاسيو رجالي ارقام فضي مينا ابيض,1
ممتاز,1
السلعه جيده وتعمل بشكل ممتاز والباءع بالتوصيل بشكل سريع,1
انا نفسي بستعمله شهور تليفون شيك وشاشه كبيره وسريع علي النت وكاميرا نقيه جدا ميجا وسعره قليل علي امكانياته,1
منتج قيم هايل جدا,1
شوايه جيده ويمكن الاعتماد عليها وخامات جيده,1
حجره وضع البطاريه اعلي الماوس,1
عطر جميل راءع فوحان مميز راءحته اقرب للحمضيات للازهار,1
جميل سعرها مناسب جدا,1
الجهاز راءع الاستخدام الكتابه والقراءه قمه الراحه والسهوله,1
السلام عليكم القطعه راءعه جدا تستاهل المشترء لانها توفرعليك اشياء كثيره ومفيده بشكل عام للاعمال المنزليه شكرا علي التقيد بالمواعيد وسرعت شحن المشتريات موقع سوق اتمني التوفيق والرزق الحلال ودمتم بخير,1
اعجبتني,1
ممتازه مريحه للالم بالرقبه اني كنت اعاني تصلب عصلات الرقبه الحمدلله استخدام السلعه ساعدتني التخلص الالم,1
عملي جدا وممتاز وسعره مناسب جدا,1
منتج محنرم,1
جدا راءعه وانصح بقوه,1
منتج جيد مقارنه بالسعر يترك بواقي الهرس الاسفل,1
جهاز جيد السرعه شاشه كبيره ويحتوي شريحتين سيم,1
استعمال شخصي افضل راءع وفعلا يحمي الشاشه المفاتيح ايضا انصح بشده,1
سلعه نافعه وتعمل علي عدم استخدام السجاءر نهاءيا موفره ماديا,1
استخدام وشكل وحجم السلعه مناسب جدا,1
استطيع الكتابه بالعربي الكيبورد انحلت المشكله لعطيته,1
الواقي ممتاز انصح وسعره جيد لحمايه شاشه الجوال,1
الجهاز سعته كبيره,1
كفر حلو كتير وعملي ومريح,1
ممتاز وانيق,1
المنتج ممتاز مطابق للمواصفات,1
انصح الجميع بشراءها,1
كنت ابحث هدا العطر وقت وحين وجدته سوق كوم اصدق وصلتني تماما طلبتها وفي زمن قياسي جدا,1
رخيصه وسهله الاستعمال وسلعه جيده,1
نوعيه ممتازه وشكرا,1
انصح اراد ان يهدي هديه انيقه وسعرها معقول وماركه معروفه ان يشتري الساعه,1
تمام,1
سلعه ممتازه,1
متجر الوحيد يبيعها اصليه ومتبرشمه,1
شكلها جميل جدا وانا اشتريت الماركه ومستمره معي وان شاء الله تكون زيها لان الباءع مختلف,1
بصراحه استفدت البيت لانجاز اوارق اولادي للمدرسه,1
كويسه جدا كسعر وكامكانيات,1
ممتازه جدا وجيده الاستخدام وسهوله التنظيف وتجعلك تقوم باشياء تقم السابق وكان الافضل ان يتم ادراج كتيب السلعه يوضح الاستخدامات المتعدده تقوم,1
الحقيقه افضل المنتجات استخدمها يعمل علي تنظيف الوجه والتخلص مساحيق التجميل حتي كانت شركه ثانيه شركه,1
العطر جميل وانصح,1
ممتازه الشحن,1
راءعه جدا جدا,1
جيده خاماتها متوسطه,1
السلعه وصلت بسرعه حاله ممتازه انها كانت كالمتوقع سهله الاستخدام اجد اي مشكله حتي الان,1
الجهاز جميل جدا التعامل وشكل الجهاز وحجمه التطبيقات اللي كنت مستخدمها الايباد ميني متغيره نوعا الجهاز وكمان النت والتحميل نوعا ثقيل ياخذ الكتاب الواحد قرابه الخمس دقايق التنزيل مقارنه بالايباد ميني اياخد دقيقه او اقل جدا المجمل,1
سلعه ممتازه والسعر ممتاز,1
سلعه فعلا مطوره ومعالج سلبيات الموديلات الاخري سواء السخونه والتحمل والامان,1
ايجابيات سلبيات ستاند كاب الكيك المطور,1
منتج اصلي وممتاز,1
عملي وجميل والسعر مناسب بالنسبه لامكاناته الكبيره واسم سامسونج ضمان مميز الجيل الرابع وهذا شي مميز,1
منتج ممتاز زوق رفيع كلاسيك,1
ايجابيات سلبيات ساعه ماركه دياموند ديور العالميه,1
ماشاء الله الساعه غايه الروعه,1
منظرها جميل ومنظرها بالصوره اجمل الواقع بكل الحالتين جميله,1
تبيض الاسنان خلال ايام انصح بهذه السلعه,1
افضل عطر بدون منازع وانا ذكرت حسناته ارجو عمل عروض فتره واخري لان اللي يجربه صعب يستغني عنه المنطقي ان اشتريه مره ومره,1
ايجابيات سلبيات ساعه نساءيه,1
وضعها علي الشعر بمجرد التدليك تلتصق بالاصابع وتزول بسهوله وفي دقاءق,1
مطابق تماما للمواصفات,1
الخامه جيده واللون ممتاز,1
المنتج جيد ومناسب جدا لاستخدام الاطفال الالعاب والتعليم والانترنت ومشاهدت الافلام وجاء معه ملحقات جيده ولم تكن اصلا مكتوبه وصف المنتج وهي سكرين بوتيكتور وحافظه ونظاره ثري دي وسماعه اذن ومخزن نموذج فيلم ثري دي واضح اين يمكن الحصول علي افلام مماثله تعمل كثري دي علي التابلت تحديدا,1
ان شاء الله يتم تقيم السلعه وصولها لی المبخره يكون الوان,1
ممتاز شكلا ومضمونا,1
اللاصقه ممتازه وتمسك بالجوال والاغراض الاخري وكل شخص يختار اللون يعجبه واللون الشفاف ممتاز جدا,1
فكره راءعه وتفي بالغرض تماما,1
السلعه مناسبه وجميله واتمني ان تشحن السلعه,1
سء جدا,1
سلعه ممتازه جدا,1
الثلاجه الصوره تمامن مكتوب نوكيا ايجيبت واللون بالفعل الصوره ويوجد داخل الثلاجه رف فقط الصوره يوجد بداخلها اي شء فعلان شكلها حلو اوفي وبتعمل بولاعت السياره ومدخل خاص لفيشه الكهرباء المنزل صوت المروحه الخاصه للتبريد عالي جدا,1
ممتازه وخفيفه الوزن ويوجد مكان لتخزين وحفظ البخور,1
جيده جدا وتطير بارتفاعات كبيره جده,1
المظهر ممتاز والخامات مقبوله انا نادم علي الدفع مقابل السلعه الجديده,1
قويه ومانعه للتسريب وقويه الخامات وراءعه الشكل وتنفع اخد الاكل للشغل واحفظ بواقي الطعام الثلاجه انصح وسعرها لان خاماتها ممتازه وصحيه,1
لقد سررت بطلبها,1
شراب الكولاجين الامريكي,1
جميله وسهله ومتوافقه الكثير الاجهزه,1
سلعه جيده وراقيه وجميله كامرتين اماميه وخلفيه شريحتين اتي معه ذاكره جيجا وسماعه انيقه وشاحن وكرت ضمان حجم الشاشه بوصه وليست ونص مكتوب علي غطاء الجهاز صناعه فرنيا لاكن داخل الجهاز مسجل الصينالصين,1
ساعه راءعه والواقع اجمل الصوره,1
ممتازه جدا ناعمه علي البشره جدا فخامه الوان جذابه مريحه نفسيا شكر خاص لمصداقيه الباءع وشكر خاص سوق كوم,1
اشتريها ماتخافش مش هتندم والله,1
سعر ممتاز,1
سلعه حلوه ومافيها اي اضرار الشحن,1
راءع وسهل الاستخدام,1
اشكرا,1
الترابيزه حلوه وعمليه جدا للمزاكره علي السرير الاب علي السرير جدا جدا,1
كبدايه لتجربتي للصندل مريح للقدمين وللظهر يعمل كمساج للقدمين اثناء المشي,1
بالرغم حجمها الصغير انها بتدفي كويس جدا واستهك الكهرباء معقول وخاصيه حفظ الحراره بتخلي الجو ميبردش بسرعه,1
ممتازه وينصح بوجودها المطبخ لكونها عمليه وقويه ومتعدده الاستعمال وبحكم التجربه فانها مريحه تحتاج لجهد,1
راءعه جدا,1
منتج جميل وراءع,1
السلعه جميله جدا والباءع تعامله جميل جدا وسرعه التسليم اتمني الباءع وضع المحتويات تاتي السلعه لاني اشتريت غطاء ضد الماء وطلعت السلعه يجي معاها غطاء,1
استلمت السلعه هقت جيد وكان التغليف ممتازا وعندما فتحت الغلاف اعجبت بنوعيه الجلد الكاسي للحافظه وقوته ان الحافظه مقاسها مناسب للايفون بالضبط,1
منتج اكثر راءع وبضمان,1
الصراحه السلعه جيد وانا اليوم استلمتها وانصح بشراءها واشكر الباءع,1
شكل جذاب,1
خفيفه سهله الاستخدام تنظف الاسطح يمكن استخدامها الاسطح المبلله الجهاز لايمكن وضعه داخل الماء تحتاج لبطاريه لايمكن وصلها بالكهرباء,1
جيده جدا تءثر اطلاقا علي التاتش للشاشه ومعها الكحول المنظف وسهله جدا التركيب توقيت الشحن واسلوب التغليف ممتاز جزء بسيط جدا العرض نقض الشاشه ولكنه يءثر مطلقا علي الشكل العام او الحمايه,1
ايجابيات سلبيات امازون كيندل بيبروايت ‫ انش جيجابايت واي فاي اسود,1
ممتاز ناحيه الشكل وسهوله الاستخدام,1
ممتازه ومطابقه للوصف والصور ونحيفه جدا خامه ممتازه وتم شحنها وقت اسرع المتوقع وشكرا للتاجر,1
ممتاز جدا يفتقر الي شهاده الضمان فقط,1
جهاز مفيد وممتع لمشاركه وساءط الجوال والاجهزه اللوحيه والتابلت الي شاشه اسره امكانيه التحكم التام بالجوال اثناء العرض والاستخدام بالمكالمات وغيرها,1
راءحه ممتازه,1
سلعه متناسبه سعرها فهي جديده اسواق الخليج واتمني اجراء التطوير والتحديث عليها حتي يتم الاستفاده اكبر شريحه الناس,1
بصراحه وصله راءعه بكل المقايس واستخدامها سهل جدا ومش محتاجه برامج خاصه لانها ومش محتاجه اي اللي موجوده السي دي,1
بصراحه تنفع للامور الي زي تنظيف السياره او البقع علي السجاد بتوجيه البخار عليها الخ,1
عطر اكثر راءع,1
حلوه جدا وبفكر اجيب الوانها ياريت تكون متوفره,1
الجهاز ممتاز داعي للصالونات,1
السلعه جيده اشكر صدق التاجر,1
فخم جدا ويصلح للمناسبات الرسميه,1
الساعه جديده وعمليه وشكرا علي مصداقيتكم,1
مكينه راءعه وخفيفه الوزن وصغيره الحجم تاخذ حيز كبير ويمكن وضعها شنطه ادوات الحلاقه بكل سهوله,1
انها الالعاب المميزه لدي فاحب انها العبها اكثر الالعاب العبها ولدي تقريبا معظم,1
ماشاء الله تبارك الله السلعه ممتازه انصح بشراءها كمجرب افادتني كثير بعده امور ربي يسعدك ماقصرت,1
شكرا,1
الخاتم تصميم راءع جذاب ودقيق التصنيع وشديد اللمعه وراءع علي اللبس ممكن جدا يكون هديه راءعه,1
ممتازه عمليه وحجمها راءع,1
العطر اروع العطور استعملتها عطر راءع ومميز هادء ومثير عطر غريب بلسمي وفاخر يمنح الدفء النفوس يتميز بنفحات العسل تغني العطر,1
راءعه جدا الضوء البيض وقوي,1
جيده وعمليه جدا واصبح تغير الحقاءب اسهل وامتع ولها مكان مخصص لكل شء الحقيبه السهل ايجاد اريد بسرعه,1
ممتازه العيب حجم الكاس,1
ممتاز وعمليه جدا,1
نشكر الباءع علي جوده السلعه ورخصها والتغليف الممتاز وسرعه الشحن ويسعدني التعامل معه المستقبل,1
شكرا لتعاملكم الراقي وع الهديه اللي جت السواره الله يبارك ان شاء الله,1
السلعه ممتازه جدا موفقين وانصح بشراءها وتجربتها يمكنم التقيم لهذه السلعه وجربوها تندمون,1
جيده جدا الجوده التصنع,1
يفحص السيارات يوكون رغم انه يوجد اجهزه ارخص تفحص,1
ممتاز يفضل الاتزام بمواعيد التسايم ترتيبها بالانترنت,1
الكاميرا افضل اقوي كاميرات الزوم واضحه تستطيع التعامل معها بسهوله الزوم راءع نها ممكن ان تصل الي,1
ايجابيات سلبيات,1
منتج جيد للغايه سعر مقبول مقايل مواصفات جيده جدا,1
انصح لمواصفاته العاليه وسعره المميز,1
جدا ممتاز استخدمت هالمعجون سنتين وبعد بحثت عنه الصيدليه ولم اجده دخلت هالموقع حصلته سويت طلبيه رغم التاخير اليوم وصلني هالمعجون تعامل جدا ممتاز,1
عيبه لونه وتغير يعني مو ضد الماء وصراحه سيءه جدا انقهرت عليها,1
مشاء الله مواصفات عجيبه,1
نوع انواع العطور الممتازه والتي استخدمها اكثر سنه,1
ممتازه وسريعه,1
جيده جدا,1
عملي والبطاريه تدوم وصغير وتتش جيد,1
حلوه قوي وسعرها ممتاز,1
هادء وجميل,1
جميل مسلي,1
منتج لطيف والافضل سرعه التوصيل والاسعار المناسبه,1
سلعه جيده جوده عاليه قطعه فتح الاي فون ممكن الممكن ان تكون افضل ولكنها الاجمال جيده جدا,1
مفيد وعملي,1
انصح الكل يشتري موقع سوق مطمن,1
شكلها جميل ومتناسبه سعرها,1
بصراحه روعه,1
حساس دقيق للحراره ومدي القياس واسع مابين الي,1
مريحه ماده جيده تشطيب لذيذ سهله الاستخدام مستويات كثيره الي جانب مروحه تبريد تسبب الازعاج,1
سلعه ممتازه وحجم صغير,1
ساعه حلوه انيقه وفخمه ماركه انفيكتا الشهيره للساعات الفاخره,1
سلعه جميله وناعمه وذات لون جذاب وتمتاز بسهوله تصغيرها لتتناسب مقاس يد الفتاه وموضوع داخل صندوق جميل ومعرفه بطريقه تصلك كهديه مباشره فورا استلامها,1
والله وحده عندها البعيد عنكم عندها سرطان الله يشفيها استخدمت سان برست واستفادت بشكل ممتاز والله تقول طلع شعر قسم ماهي مصدقه,1
قلم ممتاز بالنسبه للسعر واسم الماركه اسعار شيروتي بالنسبه للاكسسوارات الرجاليه اقلام ومحافظ وكبكات,1
ايجابي جدا ومريح وبارد وهادي راءحه جذابه العطور المفضله لدي وهوا مناسب جدا لاصحاب الذوق الرفيع,1
خامه جيده,1
تقيمي المتواضع,1
جيده انصح باقتناءها,1
ترمومتر دقيق سهل الاستخدام وعملي الاطفال وسعره يعني سعر مناسب وبه صوت صفاره انتهاء القياس بيحتفظ بقراءه اخر مره,1
افضل مشد استخدمته جدا ممتاز,1
الباءع ايمن ده راجل محترم مواصفات السلعه المكتوبه حصلت عليها نصيحه لوجه الله تعالي للعملاء الجدد لسوق كوم متشتروش اي سلعه الا باءع يكون تقيمه فما التققيم بيكون للمشتري اللي استلم السلعه وجربها فبيكت رايه بناء علي تجربه فعليه,1
ممتازه استفدت الطاءره المطار الرحلات البريه البحريه العيب الوحيد انها تاخذ وقت طويل الشحن,1
السلعه ممتازه المواصفات ان سعرها اللي اشتريت بيه مناسب جدا وبصفه عامه انصح بشراء السلعه,1
كفاءه عاليه جدا وسهله الاستخدام وتستطيع ان تستخدمها الارسال السعر ممتاز وميزه الهواءي تستطيع اطالته بسلك دش عادي وتستطيع ايضا ان تنزعها بسهوله تسخدمها قت الحاجه علي اكثر جهاز ميزه اليو اس,1
سماعه جيده وخفيفه الوزن وصوتها قوي بالنسبه لحجمها,1
ممتاز جدا وقوته حقيقيه,1
شكل جميل جدا وازرار تغطي زر البور وزري الصوت بطريقه ممتازه جدا وكذلك المداخل الاخري تمتلك مساحه مثاليه لادخال السماعات وكذلك مخرجي الصوت والسبيكر بالاسفل وغيرها اخترت اللون الاسود لهاتفي اللون الاحمر فاصبح شكل الهاتف اكثر راءع,1
جيده وسهله الاستعال وسهله التخزين,1
يغني استتخدام الولاعه منفصله السجاءر والتقيد بوضع كميه محدده السجاءر يساعد علي التقليل التدخين يوميا,1
راءع وسعر اروع عطر غني التعريف راءحه جذابه,1
ممتازه وصلت بسرعه فاءقه,1
احببت السللعه ممتازه,1
انا عاشقي العطر لراءحته المتميزه جدا جدا لسعره المناسب جدا علي سوق كوم,1
جميله وخامتها ممتازه ومناسبه كثير وزنها خفيف وسعره جيد جدا واقل السوق التجاري بكثر وانصح الشباب وبستخدام سوق لشراء العديد اللوازم فخيراته كثيره جدا وتصل البضعاعه بسرعه كبيره,1
منتج يوفر علي كثير الوقه طوال اليوم ايضا سهل الاستخدام والنوعيه ممتازه بحكم تجربتي للمنتج سابقا,1
السعر مناسب جدا نسبه للكميه,1
الجهاز حجمه صغير وزنه قليل مواصفاته مرضيه بالنسبه لسعره البطاريه قويه جدا وبتدوم فتره طويله,1
راءع يساعد بدلا الموبايل,1
خوش جهاز وسعره احلا باقي المواقع وجهاز قوي وانا تمرنت وشد بطني بظرف اسبوعين فقط انصحكم بشراءه,1
منتج جميل ينقصه حجم الذاكره الداخليه,1
جيده جدا شكرا,1
ممتاز والعطر مناسب حدا وانصح بشراءه,1
اشتريت السلعه مستعمله,1
كويس جدا,1
جميل لاكن ان الوانه كانت قويه لكان اجمل,1
بساطه السعر ومتتازه الاستخدام ومريحه وسهله وانصح الجميع بجد استخدامها وبجد ريحتتني كثير الملابس,1
اسطوانه مفيده جدا للاطفال وبستخدمها بشكل شخصي الحضانه بتاعتي مفيده جدا وممتازه,1
استخدم السلعه اكثر اربع سنوات اجد مشاكل واشكر شركه اي تيلكوم علي المصداقيه والشفافيه التعامل,1
الجهاز فرنسي الاصل ويتم التجميع الصين التصميم انيق جدا,1
ايجابيات سلبيات اكس تتش تابلت ‫ انش جيجابايت واي فاي زهري,1
الراوتر جدا راءع سريع شريحه اس سي جي والبطاريه شاء الله مرره قويه وتطول انصح صراحه احسن جهاز اس سي,1
ممتاز وانصح صديق,1
خامات الكتاب جيد جدا,1
بصراحه راءع ومريحه وخاصه حاله حضور ضيوف فجاه عموما روعه,1
عمليه خفيفه الوزن ومتوسطه الحجم لاتاخذ حيز المكان تصلح لعاءله صغيره للاسف مقاومه للصدء,1
كفر سبايجن ممتاز واصلي والافضل حمايه الجهاز السقوط المفاجي لذلك انا انصح لمن يريد حمايه جواله,1
ممتازه مره سهله الاستخدام,1
متازه جدا وعليه,1
ممتازه سعرها نوعا مرتفع وكذلك تكون بعده الوان وذلك ذوق المستهلك يتوفر معها واقي للشاشه,1
السلعه متوافقه المعروض بالنت وصناعه يابانيه وسعرها مقبول بالنسبه لفلاش الكانون الاوريجينال ينقص السلعه وجود بطاريات ضمن العلبه لتجربتها مباشره حال عدم وجود البطاريات المشتري,1
جهاز خارق,1
سلعه ممتازه مواصفاتها عاليه تتمدد بشكل جيد جدا التسريب مكان الربط,1
الوان جميله بلمعه خفيفه مناسبه جدا ساشتري المزيد لاهديها لاقاربي صديقاتي,1
الجهاز اعجبني الاداء مقارنه بالسعر,1
سلعه ممتازه وصلت وقت قياسي وبسعر مغري اشكر سوق كوم علي العطر الجميل وعلي توصيله وقت وجيز,1
الشحن لفتره قياسيه والتغليف جيد ومنتج مم تاز دا دا وتجاوب الباءع الزباءن دا راقي ومم تاز,1
راءعه موفره تطهو الارز ربع ساعه طهو محترف وقليله استهلاك الطاقه انصح حتي يجدون الطهي والموظفات وحتي ربه المنزل حل سحري,1
المنتج راءع باضاءته شديده البياض,1
ممتازه وجميله جدا انيقه تستحق الاقتناء,1
سلعه ممتازه انصح الجميع بشراءها,1
منتج جميل جزاكم الله خيرا,1
عجبني واحببته,1
عطر جيد ويبدو بان نسبه الكحول كثيره نوعا راءحته مستقره عطر مناسب للبعض وخاصه وقت الشتاء,1
قوه شفط وطرد ممتازه,1
مماز وراءع ويعطي احساس بالفخامه والامان للموبايل,1
صراحه ساعه جميله تحرر اليد حمل الموبايل بشكل داءم شكلها جميل وتصلح للجنسين وخفيفه الوزن وشياكه,1
رروعه جد,1
ممتازه وسهله الاستخدام,1
المنتج راءع,1
ممتازهالسلعه مطابقه للوصف تماما وتعتبر ممتازه مقارنه بشاشات الملاحه الصينيه الاخري جربت اكثر واحده وهذه تعتبر افضلهم وتستاهل المبلغ المدفوع,1
عطر اصلي راءحته منعشه الشحن سريع خلال يومين فقط شكرا للباءع ان شاء الله ان يكون داءما عروض جيده,1
يستحق الشراء ثمنه غالي بالنسبه لوقت التشغيل,1
تحمي الجنوط السياره وتحميها المواد تلصقبها لفتره طويله وتزيد لمعانها وتظهرها جديده والشحن لفتره قياسيه واشكركم لحسن التعامل عملاءكم تحياتي ابوتركي,1
منتج جيد وباءع جيد,1
الممسحه ممتازه والسعر معقول فتره التوصيل ايام,1
راوتر ممتاز وسعره جيد وحسب المواصفات,1
ممتاز راءحه يعلي عليها,1
روعه ومطابقه للصوره,1
سعر جيد لسلعه قيمه,1
منتج جميل ومسلي سهل الاستخدام وعملي اهديته لابنتي وقد احبته شكرا جزيلا,1
منتج ممتاز خامه كويسه خفيفه شكلهه حلو,1
سلعه ممتازه بسعر جيد انصح,1
تناسب وزني وهي جيده,1
ايجابيات سلبيات,1
تم طلبه لزوجتي لعدم وجوده الكثير الصيدليات وعند وجوده سعره يكون ضعف الموجود الموقع,1
السلعه ممتازه وفاخره جدا,1
بالونات مميزه للاطفال خاصه الحفلات واعياد الميلاد,1
جات اللي بالصوره بالضبط,1
انصحكم بشراء السلعه,1
خفيف وسهل استخدام,1
الجهاز ممتاز والباءع يشكر علي التعاون,1
ممتازه تستحق الشراء وتم استلامها بحالتها الممتازه جديديه,1
الباءع صادق جدا الوصف وانصح بالتعامل معه بشده وسريع الاستجابه عمليه البيع والشحن والتغليف راءع,1
الحقيقه منتج ممتاز وتستحق الثناء والاقتناء وقد قمت بشراءها طريق موقع سوق كوم وان تاخير تسليمها ولكنها ممتازه بكب صراحه وبعيد اي مجامله,1
جدا راءعه وعمليه جدا جدا جدا,1
راءع جدا بالنسبه لسعره,1
جهاز اكثر راءع وانا بستخدمه وبنصح بشراءه لانه فعلا رفيق الحيه,1
شكلها لذيذ,1
الكاميرا جميله وراءعه وانا اعطي الجهاز اربع نجوم بسبب النظام ينزل اغلب برامج المحادثه الواتس اب والاسكاي والاين وغيرها,1
المنتج جدا جميل ويشرفني التعامل معكم شاكره اهتمامكم بتوصيل المنتج بحاله ممتازه,1
ممتازه وبنفس المواصفات والشحن سريع ومحفوظه بشكل ممتاز يعطيكم العافيه,1
الفستان اعجبني جدا لانه مريح اللبس وخفيف الجسم واللونين البيج والاسود متناسقه ورايقه وناعمه وموديله بسيط وحلو,1
سهله جدا,1
جيده السلعه وسرعه التسليم كانت جيده جدا اشكركم علي حسن تعاونكم معناء رساءل تنبيه وغيرها الاهتمام,1
شنطه مميزه وخامه ممتازه وزوقها جميل,1
جيد وسهل الاستخدام ارجوا ان يصمد يصاب بعطل,1
ممتازه وعمليه جدا,1
عملي ومفيد وحجمه مناسب,1
الحقيبه حلوه وجذابه وانصح الحجم اصغر المتوقع,1
بطاريات تدوم لزمن اطول شاحن,1
السلعه جيده جدا باستثناء الوانها الغير مناسبه ولاكن مفيده وعمليه وتساعد جمع الاغراض دفعه واحده,1
سعرها مناسب جدا,1
ان المواصفات المعلن عنها بالموقع نفسها واقدر اختياركم للجوده,1
جيده جدا وانصح شراءها ان وجدت وهي المواصفات تم ذكرها,1
النضاره جميله جدا وشيك جدا وخدمه راءعه,1
اللعبه راءعه جدا ورسومها خورافيه,1
العطر مميز وراءحته اصليه وانصحك اتمني التاجر المستقبل ان يقدم تخفيض مميز لعملاء سوق كوم,1
بسمالله الرحمن الرحيم,1
حجمها مناسب وتحتفظ بالحراره مده طويله وتصلح للعاءله الصغيره,1
يتميذ التلفون بانه يجمع المميزات الواجب توافرها اي تلفون خفه الوزن وضغر الحجم والشكل الجميل وهذا كله طول سم وعرض سم,1
المنتج ممتاز مميزات كتير تواجد ادراج صغيره اعلي الصندوق لتخزين حفظ المسامير الاشياء الدقيقه,1
ممتازه السلعه ممتازه وسعرها مناسب لجميع الطبقات وانشاء الله سيكون اثرها كبير بناء اجسام رياضيه لابناء المملكه وشكرا,1
سلعه اصليه وحمايه ممتازه للجهاز بشكل عام,1
الف شكر والجهاز ممتاز,1
ايجابيات سلبيات ‫,1
جميل جدا وسعره يفوق الخيال سهل الاستخدام وكيوت شكرا للباءع,1
سهله اللصق والفك يوجد فكها اي اثار لزق تتاثر بالماء ويمكن السباحه مفيده للالام العضلات اذا اتبعت المعلومات الملحقه معها لتحديد تركيبها علي العضله بالطريقه الصحيحه,1
متطابقه صوره العرض,1
رواءح جميله,1
الون ابيض اللون المذكور بالسلعه,1
عطر جميل وراءحه هادءه جميله والاجمل انها ثابته تزول بسرعه بقيت ملابسي اكثر يومين,1
راءعه وخفيفه وسريعه الاستعمال انصح باستخدامها ومحافظ شكلها الي ان وصلت,1
سيء جدا اول استخدام دخلها ماء,1
ممتازه,1
ساعه راءعه بكل معني الكلمه راقيه وتغني الاكسسوارات الاخري والذهب مناسبه لجميع المناسبات,1
استلمت دفعتي الاسبوعيه الجهاز المبهر يمتلك الشكل الجميل والامكانيات المتطوره والسعر البسيط مقارنه بامثاله السوق وسلسه الحمايات اللتي يتمتع سواه,1
سلعه جيده لحمايه الجهاز,1
راءعه جدا استمتعت بالسلعه السلعه ممتازه جدا,1
ممتاز ممتاز,1
ضد الماء جميله جدا للمناسبات والحفلات,1
مناسب للحجم الصغير,1
المواصفات,1
يسرني التعامل معكم,1
عملي وممتازه,1
افضل موقع سوق لشراء المنتجات التجاريه,1
جيده والباءع جيد ويستحق الاشاده,1
لينوفو ماركه متميزه وفيها موثوقيه عاليه,1
راءعه اكثر اكثر راءعه,1
منتج جيد ومناسب لسعره,1
مثير وراءع,1
جميله جدا الله يعطيك العافيه الي الامام وبارك الله فيك علي شيء,1
جيدا جدا بالنسيه لسعره العلبه الخارجيه قديمه الداخل الجهاز راءع,1
مناديل متينه وبالوان متعدده,1
ممتازه سهله التركيب,1
ريت تنزلو المنتج الاصلي عشان انا فتحت اليوت يوب لقيت الشحان بجوده احسن بكتير سعتها والله هشتر كمان,1
السلعه جيده وذو نوعيه راءعه وشكرا علي خدمه راءعه منكم,1
جيد جدا بسعر مناسب,1
الزجاجه شركه تانك عباره زجاجه البلاستك الشفاف الداخل وعليها طبقه اخري البلاستك الخارجي الملون التصميم الرياضي الجذاب الزجاجه شكلها جيد جدا بتحفظ درجه حراره المياه بارده لفتره ساعات حجم الزجاجه كبير يتصوره الشخص فهي طولها سنتي وعرضها سنتي تصلح لان تكون زمزاميه لطفل المدرسه اكيد البلاستك المصنوع الزجاجه صالح للاستخدام اكثر مره ولهذا فهي افضل زجاجات المياه الغازيه يستخدمها الناس مصر للشرب لاكثر مره,1
روعه يوجدبه اكثر راحهكت,1
اله ممتازه خامتها جيده بكامل اغراضعا والتوصيل خلال الفتره المذكوره انصح بشراءها لمحبين السيلفي وصور السيلفي السفريات تصلح تصور نفسك بنفسك خلفيه المنظر,1
ارجو تعديل عنوان المنتج اجل المصداقيه تعودنا منكم,1
تستحق سعر اغلا ساعه مرتبه جميله انص الكل بشراءها,1
السلعه كانت ممتازه وجودها راءعه بالنسبه للسعر ايضا انصح صراحه,1
فكره جديده والوان اكثر راءعه,1
الجهاز راءع كنت اتوقع انه بهذا المستوي مقارنه بسعره شيء ابغاه حصلته برامج تصفح شيء وكنت خايفه مساله التتش وان يكون بطيء والله بالعكس تمام صح الجهاز ماتقارن جودته باجهزه ابل وجالكسي لكنه شيء جميل ويستاهل والله اكثر سعره,1
القلم عملي جدا لازاله الخدوش السطحيه كافه الالوان فهي تغني الي حد كبير الذهاب الي ورش الدهان,1
يعمل جيدا,1
الشاحن ممتاز وبسعر راءع فقط,1
انصح جدا الوانه روعه وثابته,1
جيده جدا ومفيده وسعرها مقبول,1
طاوله حلوه ارتفاعات متعدده سهله الاستخدام,1
جهاز ممتاز خصوصا ان الريموت مدمج وليس خارجي معرض للفقدان,1
روعه انصح بالتعامل التاجر,1
راءحه جيده ومنعشه للاسف تدوم لفتره طويله دافي دوف بشكل عام كويسه وسعرها مناسب بالنسبه لحجمها,1
السلعه ناعمه ومطابقه للمواصفات وجيده جدا وشكرا,1
ممتاز ممتاز ممتاز,1
ممتازه جدا جدا وذو جوده عاليه وسهل الاستخدام ويمكن التعامل معه بسهوله ويكفي انه الماني الصناعه انصح بالشراء ولكم مني جزيل الشكر شكرا سوق شركه منتجاتها وخدماتها راءعه,1
راءعه جدا,1
’,1
ممتازه الورق للخدع,1
تابلت منتهي الروعه شاشه ممتازه تقارب السامسونج وافضل الانواع الصينيه المنتشره السوق,1
سلعه عمليه وممتازه تختصر مساحه بشكل ملفت ومميز للضيو فك وقويه ومتينه ابهرت بعا زهاري والمثي سال عنها اين اشتريتها شكرا جزيلا,1
راءحه المنتج راءعه وتدوم مده طويله وتشعرك بالانتعاش الكبير منتج صيفي راءع,1
الجهاز ممتاز وقوي يوفي بالغرض المميزات الجميله نوكيا غنيه التعريف قيمه مناسبه الامكانيه الجميله للجهاز,1
سلعه جيده وعمليه لكنها مرتفعه الثمن بالنسبه لحجمها,1
السلعه ممتازه التسليم متاخرا جدا سته يوما الشراء واللون اصفر اسود مكتوب وصف السلعه,1
افضل موبايل الاطلاق بالنسبه للسعر,1
صانعه الاومليت السحريه تكنولوجيا الطهي الافقي جهاز راءع للمنزل ينصح بقتناءه للجميع عملي جدا مفيد,1
جميله جدا وحجمها مناسب تخلي الجهاز ضخم والربر ناعم جودته عاليه وسعرها مناسب,1
انصح الكل بشراءه,1
الموبايل جميل جدا خامه ممتازه تاتش سريع نت جميل الملاحظه ان الموبايل الفءات المنخفضه يجوز مقارنته بالفءات العاليه انه عملي جدا انا اشتريته كتليفون للعمل فقط الي جانب فجميع التطبيقات تعمل بسلاسه كفاءه عاليه الكاميرا ضعيفه جدا لمن يهتم بامر الكاميرا فانه هاتف ممتاز جدا الخطين يعملون بكفاءه امكانيه مرضيه الي حد كبير بالنسبه لسعره التوصيل ممتاز يستغرق اكثر يومين شكرا لموقع سوق,1
بكل امانه سلعه ممتازه رغم رخص سعرها الا انها ممتازه بالاضافه الي خدمه التوصيل الله يوفقكم وشكرا,1
باءع محترم وصادق دي اهم حاجه السلعه المعلنه حصلت عليها,1
ممتازه جدا وذات جوده ولجودتها ولاكتمال المواصفات ومصداقيتها,1
روعه واصلي,1
راءحته تدوم طويلا علي الملابس وممتاز ممتاز ممتاز وشكرا,1
استغرقت الوصول ايام حلوه جدا معها ملحقات عطاء للتدليك شنطه فرشاه بصراحه المنتج راءع,1
الجهاز جيد عملي للاستعمال المتوسط اهم شي تركيبه الدهان تخفيفه نوعه اذا الدهان سميك رح يتعب الجهاز ممكن ينحشر الصمام اذا خفيف ماممكن رح تحتاج تدهن اكثر وجه انا استخدمت دهان ايميلشن سيلك فينيش استخدمت تقريبا نصف لتر ماء لترو ربع دهان كانت النتيجه جيده الماتور مرتاح الاحيان كنت اعمل وجهين بسبب وجود اثار اقلام حبر علي الجدران تنظيف الجهاز سهل اغسل العلبه البيضا بالماء الصابون املاءها ماء صابون اشبكها عالجهاز شغله رش حتي تنظف الصمامام الداخلي بعدين اغسل القطع البلاستيكيه غسيل عادي بالماء والصابون,1
راءعه جدا,1
المنتج ارسل المنتج,1
منتج جيد جوده مناسبه لسعر,1
ممتازه بكل المقايس والسعر مناسب جدا ورخيصه الثمن,1
مسكته مريحه ونعامه,1
راءعه جد,1
السلعه ممتازه السعر مناسب,1
المنتج جيد مطابق للصوره المواصفات,1
تعمل بصوره جيده جدا الاستخدام المتكرر اليومي حتي الان,1
روعه اوصي,1
راءع وسريع,1
جيده جدا وانصح بشراءها لانها مريحه جدا وتساعد ترتيب وتنظيف اظافر القديمين تستهلك جهد كثير وقت طويل,1
اتمني التوفيق للموزع,1
ممتاز جدا اجمل القطع اشتريتها,1
التليفون اكثر راءع وتم استلامه يومين عمل الاورد مغلف وبضمان الوكيل شكرا سوق وشكرا,1
دقه ممتازه استهلاك جيد للبطاريه انصح باستخدام بطاريه شحن سعر ممتاز بالنسبه للجوده,1
مطابقه للي الصيدلايات والسعر ارخص,1
مشد ممتاز يساعد علي تنسيق الجزء العلوي الجسم يساعد علي شد عضلات البطن العلويه السفليه عضله الصدر,1
كاميرا جدا ممتازه ودرجه الوضوح التصوير جيده وسهله الاستخدام,1
سلعه جيده ورخيصه مقارنه بالسوق,1
عطرر روعه للصباح الثبات معقول الرجالي منو اروع حدث صيحه عالم العطور علي مستوي العالم فهو عطر,1
الصراحه شنطه جميله ومريحه للطفل واسعه الداخل والضهر البلاستيك جميل الله مفيش عيل يتغابا ويقعد عليها يكسرها,1
المنتج ممتاز حصل خطا وسلم منتج مشابه للمطلوب فارجعته,1
التوصيل السريع الجديه التعامل,1
للاسف الشديد التابلت تعطل يومين,1
خامه جيده ممتازه وعميقه انصح خاصه للي بيجهز بجد حلوه وبتتحمل,1
سلعه جميله لمن مهتمون بوجبه الفطور وليس لديهم الوقت للوقوف وصنع البيض,1
وصله راءعه تصلح اتشغيل كيبورد او فلاشه او ماوس,1
النهوع جيد جدا مقاس الرموش كبيره جدا ويجب صاحب المنتج اتنويه بان الرموش كبيره او صغيره او المقاسات المتاحه,1
جميله جدا وصغيره تاخذ مكان مدخل اليو اس استغني عنها اي مكان,1
عطر شرقي ذكوري يدوم وفوحان لاباس وسعر زهيد,1
قويه جدا,1
راءع جدا وراءحته قويه,1
سلعه راءعه باختصار,1
المنتج جيد وكما الصوره ماتم اختياره وسعره ممتاز وتم وصوله بحاله ممتازه تم وصوله وقت قياسي,1
ال جميل وكفاءه ونفس المواصفات الحجم ركز شويه يفرق معاك,1
ايجابيات سلبيات كاسيو للرجال,1
الموبايل بحاله ممتازه وصل وقت قياسي,1
جيده تملك امكانيات انصح بشراءها,1
التغليف المحكم للسلعه,1
اشكرك علي السلعه الجميله وسرعه التوصيل قلاده راءعه وجميله ومتينه شكرا وشكرا لسوق كوم اتاح ان نتواصل ناس مثلكم,1
السلعه جيده يمكن الاعتماد عليها وحدها ان المقبض يمكن التعامل ويحتاج الي مقبض جيد,1
ساعه راءعه مميزه مظهر جذاب انصح الجميع باقتناءها لانها تجمع العمليه اناقه المظهر,1
ممتاز وعملي جدا,1
سلعههجيده,1
جدا ممتازه الشكل والاستخدام والاداء فهو الاسم العريق بلاك بيري نظام الجديد كليا ناحيه الاستخدام,1
سلعه مميزه بسعر مناسب وجوده عاليه,1
ايجابيات سلبيات جي تويز بيبي فوت للاطفال,1
الجهاز جدا راءع,1
ايجابيات سلبيات طقم لانجري داخلي قطع,1
منتج ممتاز ممتاز وعملي مقارنه بالسعر,1
ايجابيات سلبيات ماكينه كيمي لازاله الشعر,1
عطر مميز تشكيله جاغوار للرجل وينصح للشباب علي وجه الخصوص والرياضين انه عطرا منعشا,1
جيده جداجدا,1
سماعه مذهله وجميله وصوتها عالي يمكن اقترانها بالبلوتوث او ان سي يمكن حملها اي مكان صوت قوي جدا جدا انصح الجميع بهذا السماعه والله يوفقك,1
طابعه راءعه,1
راءعه جدا وشكلهم حلو متر احلي,1
جدا جميل الهاي هيلز مو موضح المقاسات المتوفره لازم يكون خيارات وكمان طول الكعب مو مكتوب ونوعيه الخامه اللي مصنوعه,1
الجهاز جيد وسهل الاستخدام,1
جيده بالنسبه لسعرها,1
الخامه جيده جدا ومتينه ومريحه الحمل علي الكتف وخفيفه انصح باقتناءها للجميع,1
الساعه جميله وراقيه جدا,1
الماركه افضل الماركات المجال,1
تشغل الفلاشات ال جيجا جيدا اكبر كده صعب,1
ممتاز بيسد الشهيه جدا اول يومين الفرق واضح طريقه الاكل والوزن نزل اول شهر راءع جدا شكرا سوق,1
راءع الكورسيه لتخصير الجسم خاصه الفساتين وكمان يعدل الجلسه ويركز الظهروشكرا انصح النساء اللي يحبون التميز بارتداءه,1
المنتج جيد جدا ويستاهل تمنه وانا راضيه عنه,1
راءحه جميله جدا وناعمه وعرض ممتاز بالنسبه للسعر,1
سهله وخفيفه تدفيتها جميله لازم تكون الحجره مغلق وانت مش بعيد عنها,1
عطر جميل جدا وهادي وغير مزعج,1
الاطباق جميله جدا وخامتها ممتازه والمنتج زي اللي الصوره بالظبط,1
المميزات الشاشه عباره لوح زجاجي سميك متين جدا,1
متينه تعطي شكل راءع للتليفون تكون فقاعات هواء تحتها,1
جيده جدا تجربه,1
السلعه ممتازه جدا وفريده نوعها,1
ممتاز,1
خامه قويه وممتازه والسوست قويه وموضوع اضافه مقوي اليد دي فكره ممتازه بصراحه اعجبتني,1
الفرش جدا جميله وعمليه وسعرها جدا مناسب افضل الفرش الي استخدمتها انصح بشده وتم وصولها بافضل حاله اسعدني التعامل معك,1
لانجري جميل وجذاب انصح بشراءه يصلح لجميع المقاسات شكرا للسرعه توصيله شكرا لاطياف القمر ساتعامل معكم مستقبلا,1
ماركه معروفه وعمليه والجوده ممتازه,1
جهاز عملي سريع غسيل السياره سعر مناسب,1
استفدت الماسح الضوءي,1
عمليه جدا امكانيات ممتاز للاعمال المكتبيه,1
سماعه ممتازه سعرها راءع,1
النقوش جميله جدا نوعيه الجلد ممتازه يوجد مكان مخصص لرءيه الشاشه الضروري فتح الكفر لرءيه المتصل,1
عطر راءحته جميله وتعطي ثقه للمراه امام الاخرين وتعطي رومانسيه خاصه امام الزوج انصح الاخرين بقتناءه وشراءه باسرع وقت ممكن حتي ينعم الجميع براءحه طيبه,1
قمت بشراء واحده واستلمتها ولله الحمد بحاله ممتازه واستخدمتها ايه مشاكل,1
ساعه جميله راقيه وعمليه ضد الماء اخلعها يدي ابدا شبابيه سعرها مناسب فخامتها وجودتها ويكفي انها صنع شركه كاسيو انصح اصدقاءي,1
سهل الاستعمال وخصوصا كمفك ربط وفك,1
ممتاز ياليت يكون سرعه بشحنها,1
جمليه لهواه الساعات الاصليه حجمها صغير,1
الجهاز راءع جدا,1
استخدامها سهل وممتع جدا,1
تستاهل يتحصل عليها انصح بامتلاكها,1
منتج جيد فعلا سعره ممتاز مطابق للمواصفات المنشوره بالموقع الاعلان عنه انصح يفكر الشراء ان يقدم بدون تردد علي شراءه,1
راءع وسهل الاستخدام ينظف المناكير الخارج حدود الظفر يوجد راسين احتياطي للتبديل حاله عطب الراس المستخدم,1
ايجابيات سلبيات المشد الاقوي للخصر,1
انصح بالشراء,1
بلسم مفيد للشعر,1
باءع محترم انصح بالتعامل معه دقه المواعيد وتغليف جيد,1
انيقه ياكاسيو,1
ممتازه جدا وانصح بيه لاي حد بيدور عالجراب مده التوصيل كانت اسبوع اعتقد ده شركه الشحن,1
المنتج جيد وانصح اصدقاءي بشراءه,1
اتمني التوفيق,1
تقيمي لهذا الجهاز ببانه جهاز مفيد وممتاز لكل مراه تحلم بصدر مشدود حجم مناسب انصح القتياه الاتي يردن,1
كريم راءع جدا,1
السلعه جيده وتستحق الاقتناء,1
سيراميك جيد,1
استخدام عده اشهر المحفظه لاتزال كالجديده وخامتها ممتازه جدا,1
راءعه واعجبتني بشكلها الجذاب ولونها الهادء وايضا مكفوله لمده سنه وهذا شيء جيد انصح الاصدقاء,1
شكرا وانصح روعه روعه جميل جدا,1
الساعه ممتازه الحقيقه سعرها معقول جدا حتي بالنسبه لبره,1
ساعه جميله جدا وخفيفه وحجمها كبير وامكنيتها كثيره وسعرها مناسب وشحن بالطاقه الشمسيه وشحنها سهل الساعه نصف ساعه الشمس,1
جيد جدا بالنسبه لسعره,1
تصميم رومنسي فعلا جوده ممتازه شكرا,1
انصح الجميع بشراء العطر الاسطوري,1
ساعه ممتازه نظرا لوجود التوقيتات علي مستوي العالم ويمكن للمستخدم اختيار اربعه توقيتات لاربعه مدن مختلفه لاظهارها او استبدالها بمدن اخري,1
ايجابيات سلبيات ماكينه حلاقه شعر الاصليه صناعه المانيه,1
اجمل البرفانات استعملتها حياتي,1
عطر راءع وجميل وراءحته منعشه,1
شكرا علي تعاونكم,1
ممتاز بارك الله فيكم,1
باودر ميبلين جميل وراءع وسهل التوزيع ومناسبه لجميع الاوقات النهاريه او الليله انصح باسعمالها وحتكون افضل نوعيه عندي,1
ايجابيات سلبيات طقم نيو واتش للنساء,1
شكر الي موقع سوق علي مصدقيته مواصفات التليفون والخدمه المميزه تسليم السلع,1
صناعه ممتازه التغليف والتوصيل ارامكس ممتاز,1
السلعه جيده وصلت وقت قصير,1
ممتاز ويتوافق المعروض,1
ايجابيات سلبيات ليلي انجل اله الرسم والطباعه علي الاظافر,1
كنت اشتري الاكياس ايبي وامازون واتحمل مبلغ شحن كبير عثوري علي المنتج اختصرت الوقه وتكلفه الشحن علاوه علي ان المنتج جوده عاليه,1
وصول سريع,1
السلعه جميله ورايعه كهديه انا اهديتها ادري اذا كانت اصليه او اشميت راءحتها,1
عمل لساعات وبعدها تعطل فاصبح يصدر رنين متواصل ان يكون ايه اجهزه الكترونيه او كاميرات وخلافه باختصار صناعه سيءه,1
بصراحه انصح الجميع لسهوله الاستخدام والتحميل وسعره يعتبر بصراحه جدا مناسب مقارنه بالاخري وطبعا زيو زي الي بالسي دي,1
المنتج فعال جدا للصلع وتساقط الشعر,1
مفيد حاله الخروج البيت,1
ممتازه وكلها مميزات والكل يحتاج اليها,1
صناعه ممتازه جدا وجلد راءع,1
المنتج جميل ولاكن يحتاج جليبريك,1
جيده جميله,1
السعر لعدد اغطيه مناسب جدا,1
سلعه جيده وسعرها جيد,1
جيده وبسيطه وسهله الاستخدام,1
انصح بهذا المنتج,1
عطر اكثر راءع ومميز صناعه فرنسيه وسعر ممتاز والتغليف جيد جدا يصلح للاهداء اي مناسبه,1
جمده جدا العربيه,1
الغطاء محكم,1
ممتازه تاتي كرتون خاص لتكون هديه قيمه,1
ممتاز والشركه معروفه الاصل مو تقليد,1
جهاز عملي وجبار اذا كنت تدور جهاز اندريد فهاذا جهاز جبار وفاءق الاداء جدا جدا روعه وانصح,1
السلعه مناسبه السيارات خاصه طول الاسفار وانتظار الاشارات وحتي الدوام فقط استرخي وستنعم بمساج راءع,1
احببته قلبي وانصح لجميع العاملين بالاعمال المكتبيه وحتي الاعمال الفنيه لان تقنيته عاليه وموفر للوقت,1
اكثر ممتازه جميله عمليه اصليه راءعه,1
اكن اتوقع انه مفيد وعملي الي الدرجه,1
بصراحه المنتج مو متوفر بمحلات التلفونات بطول مترين انصحكم لانه اصلي شركه ابل ويفيد الايفون وخاصه ايفون وفتره الشحن اهي نفسها الكيبل متر وسعره بسوق اقل مواقع الامريكيه والبريطانيه تنسي رسوم الشحن مشكورين الله يعطيكم العافيه,1
الخامه خفيفه ولابد استعمالها بحذر,1
سلعه ممتازه لزقه حمايه الشاشه جيده الغلاف الخارجي ممتاز الحمايه وحجمه ممتاز جدا ويوجد ايضا ازرار اضافيه للزقها زرار القاءمه,1
روعهه بكل تعنيه الكلمه,1
سلعه ممتازه تستحق التجربه وعمليه بالمنزل ويفضل استخدامها بعيدا الاطفال,1
كلاسيكيه معتدله السعر انيقه تصلح للشباب والرجال بسيطه معقده,1
يمكن استخدامه لاكثر موبايل اكثر الموبايلات بانواعها بيت تتعب البحث يناسب موبايلك فهذا المنتج لكل الموبايلات تقريبا,1
ممتازه جدا ثابت يررطب بعممق ويدوم طويلا وكما مطلوب انصح,1
راءع وسعره اروع,1
جيد لايوجد بكرتونه المنت مغلف بكيس,1
ممتازه ومانعه للالتصاق ومقاسها مناسب للكيك والتوست حتي,1
وصلتني السلعه وقت قصير جدا بالاضافه الي جوده العطر والتغليف الممتاز شكرا لامانتكم واهتمامكم,1
جيد جدا وعملي,1
جيده لاتتناسب الايدي,1
الطقم غايه الروعه والسلعه موافقه للمواصفات واشكركم علي الجوده والسرعه الطلب وانصح بالتعامل الباءع,1
سلعه جيده سعرها مناسب ملاءمه تماما لمقاس الهاتف يعيبها فقط زر الغلق بالمرونه الكافيه كنت اتمني ان يكون اكثر مرونه,1
سماعات جيده,1
فكرتها جميله ويمكن تنظيف القاعده بالماء يجعل استخدامها سهل وتدوم فعاليتها باذن الله تعالي مناسبه لجميع الاجهزه مذكور المواصفات,1
عملي جدا للناس اللي محتاجه جهاز وزنه خفيف للشغل زي الاوفس الاميل التصفح البرامج الخفيفه,1
ايجابيات سلبيات شماعه البناطيل الاستانلس,1
تليفون ممتاز شكله جميل خواص ممتازه,1
جهاز متميز هواوي بسعر منافس جدا,1
ممتازه,1
المنتج ممتاز جدا الباءع مهتم لطلبات العملاء,1
ايجابيات سلبيات ‫,1
منتج ممتاز وسوف تلاحظون نتاءجه والعبوه مبرشمه,1
جميله وانيقه وشيك وعمليه,1
سريعه جدا النقل اسرع فلاشات اغلي تانيه كتير وسعرها مناسب جدا والتوصيل سريع تاني يوم وصلتني رغم اني المحافظات,1
السلعه جيده السلبيات انها مايثبت الوزن بسرعه لازن تظلك شايله الشنطه لمده ثواني عشان يثبت رقم الوزن السلعه تشتغل وجيده,1
راءع يستحق الاعجاب وتمنه مناسب للغايه,1
عملي,1
حلوه تجعل استخدامها عده اجهزه يسهل وضعها علي الجهاز وسهوله استخراجها بواسطه الدبوس الملحق معها وتستاهل نجوم,1
راءعه,1
شكرا علي الهديه الراءعه العطر وكذلك التغليف الجميل اشاهد باءع بمثلك,1
تساعد علي سرعه تعبءه الاكواب خصوصه العزومات للمشروبات الغازيه العاءليه بكافه اشكالها وانواعها,1
المواصفات العاليه,1
ممتازه راءعه تحمي رموت الكنترول الكسر تبقيه نظيفا تعطي شكلا جديدا لونا راءعا تكلف,1
ممتازه وسعرها مناسب وانيقه,1
فلاش ميموري مزدوج للاب توب والهواتف الذكيه والتابلت جيجابايت ممتازه وشكلها متميز وصغيره الحجم وسهله وبسيطه اي شك,1
الف شكر سوق كوم وبالتوفيق,1
وزنه خفيف شكله جميل بطاريه ممتازه شاشه جميله,1
اعتبر انها مفيده لبعض الاشخاص خصوصا يودون تحويل الاشرطه القديمه الي سي دي وكذلك النقل المباشر,1
كلام الاطباء لاتسبب حساسيه جلد ونوعيه تعتبر اكثر الممتازه,1
مفيده جدا المطبخ وتستاهل سعرها,1
مناسب جدا لحفظ مفاتيح ابواب المنزل يتميز بقوه الخشب المصنوع ويعيبه فقط عدم امكانيه اقفاله بقفل,1
استلمت القرص ممتاز مطابق للوصف العداد يعمل بشكل راءع,1
انصح باقتناءها فهي قويه جدا وسعرها مناسب وفتره الشحن طويله,1
سلعه جيده حدا بالنسبه للثمن الاستعمال نجد عيبا ومتوافقه تماما رغباتنا,1
منتج جيد جدا مقابل للسعر المنخفض,1
انصح بشراء المنتج الصراحه ممتاز جدا انصح وبقوه,1
السلعه ممتازه الاداء والتنفيذ السرعه ودقه الالوان وحجم التخزين راءع وصغير وامكانيات هاءله وراءعه وانصح سرعه اقتناء السلعه لمواصفاتها الممتازه واداءها الراءع,1
سرعه شحن الحقيبه والاهتمام انصح بالتعامل الباءع شكر خاص لدوت كوم الاهتمام بتوصيل السلعه الحاجه لشركات الشحن,1
راءع,1
الجراب شكله كويس جدا ده الخامه نفسها ممتازه الفتره الي جالي كويه مكنس اي تاخير,1
جهاز خفيف الوزن سهل الحمل كافه الامكانيات والتطبيقات,1
جيده وانصح,1
بودره الكوجين,1
الجراب ممتاز صراحه يعيبه انه كبير ياتي بلايجاب ناحيه المتانه فهو مصنع خامات ممتازه ومايميزه الحمايه العاليه للهاتف,1
السلعه راءعه جدا وشحنها سريعا جدا ومطابقه للمواصفات تماما,1
الوان راءعه وجذابه لحبيبات الكافيار لتزين المناكير سرعه التوصيل السعر مناسب للاسف لاتحتوي علي اداه لوضع الحبيبات علي المناكير,1
ممتازه جد وارخص بكثير سعر الخارج,1
افضل العطور اللي اقتنيتها حياتي عطر هاديء جدا جذاب جدا تكاد تشبع ريحته واعتقد ان العطر احد افضل العطور محبه النساء علي الرجال اكثر العطور مدحا النساء للرجال العطور الهادءه والتي فعلا فعلا سجلت مكانها عالم العطور ويعتبر احد اكثر العطور مبيعا,1
رايع,1
السلعه ممتازه ماركه وليس ماركه بالصوره,1
كشاف ممتاز مساحه اناره كبيره,1
ممتاز وسعره مناسب جدا بالنسبه لامكانياته والتوكيل محترم,1
عطر رومانسي وجاذبيته ساحره راءحته لاتقاوم,1
اشتريت السلعه بسعر سوق كوم ايام العروض وهي تستحقالاقتناء ومع الاستمراريه سيزول الشعر الغير مرغوب يجب الاستمرار انه سيعود للظهور شهر او شهرين التوقف الاستعمال,1
المنتج تم وصفه مركز الدكتور سيركان ايجن لزراعه الشعر تركيا وانا استخدمه للشهر السادس حاليا يعتبر مساعد فعال لنمو الشعر عمليه الزراعه يضاعف نتاءج الزراعه الي اكثر الرغوه نتاءجها افضل البخاخات والمحاليل الاخري,1
جميل ظهر الموبايل الاصلي اجمل,1
جيده وتفيد اثناء انقطاع الكهرباء وسهله الحمل وتستطيع ان تستخدمعا خار المنزل ومنظرها جميل تاخذ حيز المكان,1
شراء السلعه توقعت بانها ستحتاج الي جهد كبير لانتزاع لب الاناناس لكنها علي العكس سهله جدا وراءعه بالمقارنه السعر,1
شكرا واتمني التوفيق والنجاح,1
فواءد الجلسرين للبشره الشعر يعتبر الجلسرين اهم المواد تستخدم علي نطاق واسع للعنايه بالبشره سواء استخدامه مباشرتا او خلال مستحضرات التجميل الخاصه بالعنايه بالبشره يدخل الجلسرين صناعتها وفيما يلي نقوم بتوضيح اهم فواءد الجلسرين لجمال بشرتك وشعرك,1
جيده جدا وممتازه وسماكه الارجل وقوه الدعمات وسلاسه القماش واتمني ان نري افضل واحسن ادا لديكم,1
ايجابيات سلبيات كاسيو رجالي فضي وذهبي مينا فضي كريستال,1
ممتاز جدا ومفعوله ممتاز وانصح للجميع الضروري اخذ التعليمات الاستخدام,1
غايه الروعه,1
قطاعه جيده جدا وعمليه,1
السلعه راءعه وتفاجات بوصولها وقت وجيز وكانت طبقا كنت اتمناه,1
عملي سعره كويس عيبه انه جسمه بلاستك,1
يمكنك استخدامه الظلام,1
جيده جدا انها تضم الكابلات كابل وصغيره الحجم وسهل التنقل بيها اي مكان,1
اول مره اتعامل الماركه ديه لقتها التوقعات,1
السلعه جدا راءعه,1
ممتاز وسعره مناسب جدا,1
منتج جيد يسخن بسرعه نظام تبريد جيد جدا ايضا الاداء سريع,1
ساعه ممتازه وخفيفه وعمليه وسعرها,1
سعرها مناسب جدا,1
راءعه متعدده الاستعمال تستطيع ان تستعملها اي مكان وسهله الحمل تجعل بطاريه هاتفك ممتلء شكرا لصاحب السلعه,1
للعنايه بالوجه انصح,1
جوده عاليه مناسبه للاطفال,1
ساعه راءعه تستحق التجربه ولم تندم ابدا,1
جهاز ممتاز ويذوب الشمع بسهوله وميزته انه لاحاجه اخراج الشمع الجهاز اشتريته وقت تخفيض اتمني اعاده تخفيض سعره وشكرا,1
ايجابيات سلبيات روبرتو كفالي مل للنساء,1
خفيفه الوزن تحتاج مساحه تخزين كبيره لويطول كيبل الكهرباء وصندوق التخزين وقوه الشفط جيده جدا وتنقيه الهواء الغبار,1
السماعه بشكل عام راءعه بالمميزات الموجوده,1
انيق مرن ومتين بان ممتازه وانصح,1
اصلي,1
يقوم بوزن اصغر الاشياء المطبخ الممكن تعليق الميزان علي الحاءط,1
السلعه ممتازه جدا وانا فتره كنت اتمني ان املكها تسهل التعامل الجوال بكل سهوله نقل الملفات المعلومات,1
بصراحه افضل جراب ممكن تجيبوا لل,1
جهاز راءع انيق حجم مناسب جدا خفيف الوزن انصح,1
سهوله الحمل خفيفه جدا بالنسبه للسلع الاخري فعاله اوصي عملاء السوق بشراءها تردد لكونها سهله التنقل,1
الشاحن ممتاز جدا وسريع الشحن وعملي وبه منفذين شحن بصراحه اكثر راءع وسعره ممتاز وانصح بشده,1
السلعه جميله وانصح ان تشتروها,1
يجب اقتناءها للعنايه بالبشره والحصول علي جسد ناعم بدون جروح او خدوش نظر لراسها الناعم ومساعده الجلد علي التجدد,1
لعبه ممتعه,1
سلعه ممتازه الي حد كبير باور عالي خامات التصنيع جيده جدا شفرتها اكثر راءعه بضمان العربي,1
جدا,1
جيد نوعا,1
العصا اعجبتني جدا خصوصا انك لاتحتاج الي ان تلمس الجوال تاخذ الصوره,1
مافيش اروع احلي كده بصراحه,1
سلعه جميله جدا,1
شكله راءع وزنه خفيف,1
انيق,1
المنتجات الراءعه لشريكه واكوم ادخلت خاصيتني لمحبي رسم السكاتش علي الورق وكذالك لمحبي رسم الديجيتال,1
نشكر الباءع علي مصداقيته وامانته نشكر سوق كوم علي اتاحه الفرصه نحصل علي السلعه المميزه فعلا,1
ممتازه والسعر مناسب جدا,1
قمت بشراء السلعه وصلتني اليوم والمنتج فعلا اصلي واكثر راءعه شكرا علي امانتكم انصح يمتلك جهاز نيكسس بشراء الجراب,1
مناسبه لاصابات تمزق الكتف فعاله جدا مريحه مساج مريح جدا يزيل التوتر بسرعه وذلك نتيجه استعمالي الشخصي انصح يعاني مشاكل بالعضل باستخدامه,1
لطيف,1
ممتازه,1
سلعه قمه الروعه والخامه يريد حمايه خلفيه فقط,1
بصراحه حسن الظن وكمان كثافت البكسلات جميله,1
ممتازه ورياضيه,1
بصراحه منتج راءع اختي جدا سعيده ونتاءجه احسن ليزر العيادات مرره خطير,1
راءعه جدا والتعامل خدمه الزباءن راق جدا جدا,1
حقيقي اللون الابيض النوع ده الجرابات لهواتف انجو اي شيك جدا فخم تم تركيبه بسرعه,1
السلعه مرنه وقويه,1
قمت بطلب المنتج جل تنظيف وحمايه وتم ارسال بخاخ بدلا فالحقيقه افضل بالاستعمال والتركيز,1
راءحه ممتازه شكرا,1
مرحبا جدا جميل التعامل المصداقيه احسن اعجبني,1
اشتريت السلعه ودفعت ثمنها الماستر كارد وتم ابلاغي انه تم ارجاعها اعلم السبب,0
شنطه جميله وانيقه وسعرها مناسب جدا,0
السلعه رديءه وقد تلفت اول استخدام نوعيه الشاش المستخدم خفيف جدا ويتمزق بسهوله اي استخدام واذا تمزق فقدت خاصيتها بمنع البعوض,0
مناسبه لمن يريد الحصول علي جسم مشدود تصلح لصاحب جسم مشدود اساسا لاظهار تفاصيل جسمه,0
القلم افضل اما المحفضه سيءه جدا ورديءه الخام,0
القلم لايطابق المواصفات المذكوره,0
تكفي لاكثر او اربع بطاقات والسعر مبالغ يعني حوالي,0
الخير وصلني القلم اليوم للاسف الداءرتين تظهر الصوره باللون الاحمر مختلفه الواقع ان القلم وصلني الداءره لونها اصفر,0
انصح احد بشراءها,0
المنتج جيده انصح,0
اعطي اكبر حجمه اضعاف مايستحق,0
المقاس مختلف المقاس المطلوب,0
السلعه سيءه وخامتها سيءه جدا وغير عمليه تقوم بشد الجسم بالشكل المطلوب واتقطعت اول يوم استخدام,0
شكلها روعه لاكن اللون مو ذهبي فاقع الصوره شوي افتح,0
الشريط الداخلي يطلع مكانه وتتوسع المحفظه وتصير بدون فاءده,0
جهاز سيء جدا منتج رديء وجوده رديءه يستحق اي مبلغ انصح احد,0
المكيف جوده سيءه يوجد تبريد اطلاقا استفد المبلغه المدفوع مبالغ لعدم وجود تبريد اعرف المكيفات الصحرايه لاكن بجوده المكيف,0
السعر مره غالي انا شريت الفلتر بحوالي يغطي متر مربع اكسترا بتقريبا احد ذاكر المساحه اللي يغطيها اذا الحجم فسعره غالي ادا يغطي مساحه اكبر فيمكن يستاهل تحياتي,0
سلعه عمليه حاولت مرارا وتكرارا استخدمها ولكنها لاتطبع الروسومات يءسفني تقيمها بهذا الشكل فهي سلعه جيده لاتءدي وظيفتها البته تخاطر بشراءها,0
عديمه الفاءده وسعرها مناسب,0
ساعطي الفرش الشعر الاحمر تقيم متوسط,0
المقص عملي ونتاءجه سيءه للغايه,0
الخامه سيءه والسوسته ضعيه وسريعه التلف,0
السعه جيده مقارنه بسعرها ويعيبها ضعف قاعده الشفط,0
انصح ابدا صعبه الاستخدام لسوء صنعها,0
جوده المنتج ضعيفه سعرها جيد,0
منتج جيد,0
جيد للكاميرات الخفيفه,0
بالنسبه للتصوير جيده جدا نظرا لحجمها الصغير جدا فانها تمثل عيبا حملها ولمس الشاشه وغيره,0
اخيس كاميرا انصحكم بعدو عنها اسالوا مجرب ابعدو نصيحه لحد يشريه شفوها عندي اذا حولت المقاطع للجوال يطلع الصوت مقطع وتزعجك بالتصوير التقاءي معها بطاريه يعني زم تشبكها بالبطاريه دايم,0
تصويرها جيد وليست وتصوير واضح سيءه جدا والصوت جيد كام سيءه بمعني الكلمه استخدمتها مره وحده ورميتها,0
وسعره غالي بالنسبه لتجاري,0
منتج سيء يعمل الايفون اس ايباد ميني تظهر رساله تفيد ان الكيبل يدعم الجهاز ايفون اس ايباد ميني تم شراء عدد ولم استفد وتم القاءه القمامه,0
حلوه سعرها يسوا,0
انصح بشرا المنتج ندمت علي,0
خفيفه جدا لاتقيء البرد,0
ماتشتغل,0
منتج سيء للغايه ولما اشتريتو اشتغل يومين وبعدها باسظ مش راضي يشتغل بمعني ان انا دفعت فلوس علي الفاضي,0
منتج صيني وخامته رديءه تعمل الالوان المضيءه فتره صغيره شراءه يمكن التحكم انسيابيه الماء وميزته فقط انه يقوم بتغير الالوان المضيءه درجه الحراره,0
سيءه لاختلاف مواصفاتها,0
سلعه جيده طبعا تعبءتها بالمضخه اليدويه لانه بمجرد تشغيل المضخه الكهرباءيه تعطلت بسبب التيار الكهرباءي وبعد اطلاعي علي الكتيب اتضح انه التيار الكهرباءي الخاص بالمضخه الهواءيه فلو ذكر نوع التيار بالوصف ماكان اللي,0
صعب الغلاف الخارجي متماسك درجه انك تحتاج تسنيده علي احدي الجدران,0
المواد مطابقه لصوره,0
الاضاءه ضعيفه جدا تستمر اكثر ساعه,0
يشحن تمام ويخلص الشاحن بسرعه والنور ضعيف جدا,0
يعجبني شيءا الصناعه رديءه جدا خفيف الوزن الصوت ضعيف جدا اعتقد ان يشتغل اكثر شهر,0
عدم المصدقيه المواصفات,0
القطعه باس,0
تءثر علي الخدوش ولم يختفي الخدش ماذكر دعايه للحصول علي المال فقط اني استخدمتها للخدوش ولم الاحظ اي تغير علي الخدوش,0
انصح بشراء المنتج اولا بسبب السعر ثانيا عليا يزيل الخدوش منتج رديء,0
والله اكنس بيدي افضل حرام فلوس راحه,0
صناعه المنتج جيده ورديءه جدا,0
شي طيب وبا التوفيق,0
سلعه سيءه للغايه تصلح ختي لسيارات الاطفال وليس اي فاءده تستحق اكثر ريالين وحسبنا الله ونعم الوكيل الباءع,0
تمت تجربتها علي سياره صغيره وليس اي فاءده,0
البخاخ يستخدم مره واحده لايتوفر قطعه القفل حتي يبدا الرش لذا المنتج الان عديم الفاءده بالنسبه,0
للاسف قوه الشفط ضعيفه جدا وليس متوقع شكلها الصوره والجوده ضعيفه ايضا ولانصح احد,0
بلوف الكفرات ممتازه انها بوضعها العادي علي الكفر تعطيك اللون الاخضر الكفر يحتفظ بضغط اعتقد يقل ويتحول الي اللون الاحمر حال نقص الهواء,0
سيءه قوه الشفط ضعيفه جدا,0
منتج اكثر راءع,0
جيده هواء ظعيف وماتنفع القزاز الواحد يقدر يدخل يده ويسرق اذا علقتها الشباك,0
اشتريتها هديه لاخي ولم اجربها بنفسي وحسب قوله ان تاثيرها بسيط ولاباس,0
انصح بيه لصديق,0
خامته ضعيفه جدا والبلاستيك المصنوع مسدس الشمع ضعيف وكانه اعاده تدوير انصح لعدم جدواه,0
والله المنتج كويس وحلو وبيلم كركيب العربيه مكان,0
جيده انها لاتزيل الخدوش,0
فكرته حلوه جودته سيءه,0
سكين ممتاز وسهل الحمل,0
وصلني الفستان جميل مطابق للصوره اعجبني القماش خفيف شوي يكون اثقل احلي الطلب وصلني يوم شراءه,0
كاميرا كومباكت رخيصه وكل مزاياها موجوده الجوالات الحديثه بتفوق وخاصه الطرازات العاليه كالايفون والجلكسي وغيرها,0
رغم ان السماعات تعمل بشكل جيد حتي الان الماوس توقف العمل اسبوعين فقط تشغيله وحتي الان يعمل اعلم حدث,0
سيء,0
الصوره موجود الاصل يوجد,0
كويس السماعه لاتعمل,0
انصح بشراءها فهي سلعه شكلها يوحي بمواصفاتها مواصفاتها تنطبق عليها فهي ضعيفه القوه كذالك تتوقف الضغط عليها قليلا لذالك فهي لاتعمل بفعاليه,0
المنتج بشكل عام جيد للحلاقه السلبيه الوحيده وجود شفره واحده فقط يعني الحاجه الي المرور علي المكان الواحد اكثر مره احيانا,0
غبر عملي نهاءيا يستحق المبلغ كثير مبلغ وحرام حتي النجمه,0
للاسف المنتج اكثر المنتجات السيءه اللي مرت علي يغركم الاعلان,0
الشكل جميل فقط,0
المنتج ردء الصناعه والجوده منخفظه اثار استغرابي انها وصلت حقيبه لنظاره بولس حتي الاطار الخاص بالنظاره مطبوع بولس والعدسات بولرايزد نوعيه العدسه كنت اتوقع بالاضافه الي انها عريضه علي الوجه وغير ثابته بسبب وزنها الخفيف تقيمي للمنتج يستحق المبلغ المعروضه,0
صراحه روعه,0
موتور ماكينه الحلاقه ضعيف جدا مجرد ديكور خارجي جذاب ومضمون سء ايضا مزعجه جدا بدون فاءده,0
اللعبه جدا سيءه تستحق الشراء,0
الالعاب اللتي تتمتع بالمزاياء الجيده ناحيه التشويق والاثاره والمشاركه اصدقاءك او حول العالم واللعبه تتميز بمزاياء مختلفه الاجزاء اللتي تم طرحها الشركه المصنعه للعبه وشكرا جزيلا,0
سعرها غالي جدا مقارنه برداءه صناعتها,0
اولا تحياتي للباءع علي صدقه وامانته عرض السلعه وتسليمها بنفس مواصفاتها فهو باءع ممتاز جدا واتمني تكرار تجربتي معه,0
البدايه كانت سريعه تاني مره لاقيتها بطيءه جدا اصلي ومكتوب عليها الاسم وبلد المنشاء دي مش مكتوب عليها شيءوارجو سوق ينزل الاصليه لاني لاقيتها علي سوق السعوديه دود واصليهارجو وجودها سمحتوا,0
اردت اريده اتمنا عدم شحنه,0
المنتج سيء يعمل مزكور بالوصف ويسبب الم شديد والسعر المذكرور مرتفع,0
منتج ممتاز وسعره ممتاز,0
جاءتني شحنتي امس وشغلت الماكينه اشتغلت قلت شكلها ممتاز وللاسف جيت اشغلها يوم علقت المكينه بالداخل تعمل والمقصات معلقه تعمل وللاسف طبعا سلعه سيءه,0
سلعه ضعيفه جدا تصلح للاستخدام اذ انها تقوم بزاله الشعر,0
ايجابيات المنتج,0
عدم وضوح الشاشه عدم التحكم بالعب سرعه العطب,0
تعصر النواشف البن والهيل والمكسرات,0
جيدا منتج فاشل,0
غالي جدا جدا دبل السعر المحلات ارخص سوق,0
تصميم راءع يفتقد الجوده,0
جيده تستحق ان تعرض موقع سوق يخسر عملاء النظاراه ردءه الصنع وخامتها ضعيفه جدا وغير مطابقه الموقع,0
اقل نجمه لاعطيتها للمنتج,0
الجهاز الصراحه مش جهاز قلم راس تلف وتتغير القطع,0
استخدمه فتره كافيه للتعرف علي السلبيات ان كانت موجوده,0
الجهاز يظهر علامات استخدام او انه مخزن بطريقه جيده يوجد بمنفذ اليو اس صدا وغبار داخل سواقه الاقراص انه يصدر اصوات قراءه الاقراص العلم بتجربه اكثر قرص يقوم بقراءتها ابدا,0
رخيصه ويمكن ربطها باي جهاز طريق البلوتوث يوجد تشويش السماعه البطاريه تفرغ بسرعه تحتاج لشحنها اكثر مره اليوم,0
علبه المنتج مفتوحه يثير الشك بانها استخدمت,0
انصح احد باستخدام السماعه مطلقا,0
اشتريت كالايدنج ولم يكن لدي مشاكل الشرا فكل شي مضي بسلاسه,0
السلعه جيده انصح احد بشراءها,0
اكرر شراء مثله,0
السماعه سيءه ناحيه البطاريه تدوم وقت كافي حتي تعيدها الي الشحن ولهذا انصح باقتناءها وايضا تدعم البلوتوث فقط شغاله علي الكومبيوتر تستطيع تشعيلها علي الجوالات او غيرها واعتقد ان السعر مبالغ وشكل كبير,0
سعره مرتفع للغايه,0
للاسف مكتوب انه الشحن يدوم الي ساعات وقت الاستخدام وانا طولت معاي اكثر ساعات العلم اني استخدمها الا بالسياره وقت انزل اطفيها والشء الثاني مكتوب علي الكرتون انها تشبك علي جهازين بوقت وللاسف مو صحيح هالكلام وبعد الاستخدام تحسفت اني شريتها بهالسعر اني ماخذ العاديه افضل لانه شحنها يطول وناسف علي الاطاله,0
الشركه معروفه وهي,0
السماعتين شغاله والصوت تمام المشكله تجربتها وتشغيل مقاطع صوتيه الماء تعمل او تتراقص,0
نوعيتها سيءه جدا جدا,0
الجوده رديه جدا,0
لاتصلح للاسعمال الجوالات,0
مثيلاتها سماعات الشركات الصينيه صوتها افضل ولايتقطع الصوت الحركه ان الباءع اخذ الشاحن وكان السلعه مستعمله,0
انصح بشراءها,0
باب الامانه المنتج لايستحق المبلغ فبعد الاستخدام تبين رداءه المنتج,0
الباع سي جدا وعندهم عدم التزام بالشروط وسوق كوم اي راي,0
اشتريت المنتج وليس اي فاءده عمليه ينظف لان جودته رديءه يستحق المبلغ المدفوع انصح احد بشراءه,0
منتج سيء بمعني الكلمه اشتريت لثلاث اشخاص جميعها تقطعت خيوطها اول استخدام,0
انصح علي الاطلاق,0
يوجد علي المنتج عرض حبوب التخسيس البريطانيه المعروفه عالميا الكابسبليكس بلفلفل الاحمر,0
انصح انصح بشراء مخده رقبه عاديه بدون مساج او اله بداخلها لانه مريح مناسب,0
السلعه مصنعه خامات رديءه تلفت فتره قصيره جدا الافضل ان يكون حزام التخسيس مصنع خامات افضل ليتحمل التدريبات او حتي الحركه العاديه,0
لاتصلح للبالغين ولذلك لايمكن الحكم علي فعاليتها عدمه الا الاستخدام وهي لاتصلح للاستخدام الكبار لغر الحجم يتم توريده,0
جيده ابدا لاتساعد علء الاسترخاء الصوت الي تصدره مزعج وماحبيتها للامانه ذم سلعك اخي ولاكن فايده ابدا,0
ماده بتسود العرق تلزق علي الرجل ساعات اكيد الرجل هتعرق وانا حطت علي اللزقه مايه اسودت برضوا,0
سء جدا جدا المعلن صادق,0
اولا كرتون الجهاز مفكوك وليس بتغليف المصنع,0
مناسبه للاطفال نظرا لحجمها,0
منتج سيء جدا جدا,0
تجربه الجهاز تفاجات بمدي سوءه وانه كلام فاضي فاءده,0
سيء جدا,0
الجهاز يءدي المهمه المتوقعه علي الوجه الاكمل,0
السلعه عمليه,0
الماكينه سيءه للغايه تصلح لانسان بالشكل قامه منكم الي,0
سيءه جدا ومبالغ سعرها والله انصح,0
مناسب مءلم قليلا وضعه علي العيون يءدي الغرض المطلوب ان خامته رديءه,0
جوده الماده والخياطه متدنيه,0
ارجو كتابه شرح مواصفات ومميزات المنتج بالعربي,0
لانصح,0
يكون جيد لاتبدو جديده,0
تستحق مبلغ وليس مساج هزاز مزعج,0
الخامه سيءه والاداء فاشل,0
قلنالكم جيد ويءلم الاذن وغير مريح وسعره عالي جدا بالنسبه للسماعات الاخري,0
سلك قصير الصوت سء التغليف سء جدا,0
استخدمها طويلا اهديتها واشتريت اخري اكثر تطورا وثباتا وطبعا اغلا سعرا اعتقد ان ضروره لكتابه حرف,0
للاسف اساسا اقدر اختار للون لانو ينظغط وانا اتوقعت انو اللون الي الصوره وعلي دا الاساس طلبتها جاني موف بعيد تماما ياليت اعرف ايش السبب انو اقدر احدد اللون بدري والمنظمه كويسا وحجمها حلو شكرا,0
الجهاز عملي خامات رديءه,0
يوجد عيوب التصنيع خامه رديءه انصح بشراءها,0
الجوده توقعاتي,0
بدايات استخدامي انكسر المقبض يقوم بحمل قطع المفك,0
جوده سيءيه للشنطه نفسها وجميع الادوات داخل الشنطه حتي ان الادوات داخل العلبه متفككه وليست ثابته اماكنها انصح بالشراء,0
عندما قمت بسن السكين لاول مره بدلا ان يسن السكين تاكلت خامه المسن,0
السعله الكل يمدحها ولم يتم تجربتها حتي الان,0
راي سلبي جدا,0
خامه ضعيفه,0
منتج فاشل لايستحق حتي انصح احد بشراءه,0
يحتاج الي مقتنيات,0
المنتج ممتاز تم ارسال سلعه مطابقه للمنتج الموجود العرض,0
يعمل بالشكل المتوقع,0
كافه البيانات سليمه والسلعه راءعه جزاكم الله خيرا,0
السلعه عمليه ابدا اقرب الي ادوات الزينه الي الادوات العمليه,0
سعر مجنون,0
مقبول نوعا ماء,0
سيء جدا وصف اكثر لكتبته,0
اعجبني الشكل جودته لاتناسب سعره,0
سيءه جدا جدا,0
حافظه للحراره وليست الصوره,0
السلعه وصلت الباءع سريعا شيء جيد,0
الخامه سيءه تعمل,0
القطاعه تعمل بالشكل المطلوب وتركيبتها هشه جدا وغير متماسكه بالتجربه تستطيع,0
جيده,0
سيءه وصغيره الحجم تنفع للبطيخ انصح بعدم شراءها,0
جدا سءيه يوجد صحه لعنوان السلعه,0
ماهياش قادره تخدش قشره البطيخه حتي ده انها ضعيفه جدا وكانت هتتخلع بعضها لمجرد الضغط عليها شويه,0
يجب الانتباه فهي تسن السكين والمقص بشكل مقبول الحذر فهي تتحرك السطح المفروض ان تلتصق وعلي العموم براي مقبوله,0
البلاستيك المصنوعه معاد تصنيعه كماني استلمتها مكسوره الاعلي لكنها جميله وتناسب اطعمه الاطفال,0
اله بطيءه عمل غزل البنات تعمل غزل النات صح بالنسبه لسعرها,0
الموتور قوي وسريع,0
تم استلامه الباءع متعطل يعمل نهاءيا,0
يمكن استخدامها الا قدر مسطح تماما ويجب ان يكون مستوي ارتفاع الطعام محدد يزيد ينقص ان الكثافه ان زادت تدور اليد وان قلت تناثر الطعام,0
اصغر الصوره وتغليفه سيء,0
كنت اتوقع انها اكثر وزنا,0
الصينيه صغيره جدا بالنسبه للسعر,0
انصح تمنيت اني اشتريتها حاولت اقطع البطاطس حلزونيه ماتعمل بالطريقه الصحيحه رديه الصنع,0
انصح ابدا,0
الغليف جيد وصلت متظرره ومطعجه لضعف الخامه,0
المناديل لاتقوم بفاءدتها تترك بقعه بيضاء الملابس وراءحتها سيءه جدا,0
رديءه جدا جدا,0
قمت بطلبها مرتين وفي المره الاولي تم ارجاعها وذلك لارسالهم منتج تنظيم شنط الباب,0
السلعه بطيءه متزنه تتفكك بسرعه بطيءه عمليه,0
السلعه كنت افكر انها جيده ولاكن العكس سءيه وكنت افكر اقتناءها ولاكن تم ارجاعها للعميل لانها لاتعمل,0
خصاءص المنتج جيده جودته سيءه جدا انصح باقتناءه,0
المضخه تعمل اذا انا اشتري مروحه وليس مبرد هواء وتقدمت بشكوه ولم يهتم احد حتي الان فقمت بتصليحه علي حسابي لذا انصح احد بشراءه,0
فكره جديده وراءعه وبالفعل تم تطويرها بحيث لاتنتقل الحراره الي اليد اثناء التشغيل يوجد عيب كبير المنتج انه حاله تشغيله لفتره طويله متواصله سرعات مايتمزق الغطاء البلاستيكي العلوي وكذلك القاعده البلاستيكيه بسبب الحراره وكذلك يوجد صعوبه خروج الدخان الاعلي بسبب وجود سداده داخليه لاعلم مافاءدتها وللعلم فقد قمت بازالتها مءخرا,0
جيده نوعا,0
جميل ومرتب يحمل عدد فرش اسنان بالاضافه الي المعجون فكره جميله وعمليه,0
خامه ضعيفه جدا ورديءه وليس بالصوره يحمي اي شء,0
المنتج عملي معرض للتلف سريعا,0
جيده جدا ماعدا كون جسمها الخارجي عازل للحراره,0
راءع جدا جدا انصح لصديق,0
الميزان اشتغل شويه وبعدين خرب ولم يعمل مره اخري حتي تاريخه والبطاريه تنتهي بسرعه جدا,0
المفصلات المستخدمه ضعيفه متماثله الشكل,0
البالستيك المصنوعه هش جدا حاجه المستخدم لاستخدام الضغط اثناء العمل عليها,0
سيء جدا اشتريت جهازين ولاهي شغاله الرجاء الامانه والمصداقيه صلاحيتها,0
ايجابيات سلبيات فرشاه تنظيف الغبار الاليكتروستاتيكيه,0
ساعه سيءه جدا ياتي معها كتيب للتركيب جودتها سيءه للغايه,0
جيده وكبيره جداجدامو وسيع شكله كبير يعني ينحط زينه,0
لانصح,0
شكرلكم,0
ممتازه نوع,0
العلبه مفتوحه وغير مغلفه وعليها اثار خدوش كانها مستخدمه او موضوعه للعرض,0
حلو,0
السلعه سيءه وجهه نظري وليس اي فاءده,0
حرام ادفع انصح بعدم شراء السلعه لانها فاشله جدا,0
اشتغل لمده دقاءق وانقطع وقد حاولت عده مرات بدون جدوي,0
سعره غالي يثبت,0
جيده انصح نهاءيا,0
شنط ضعيفه بوجه عام,0
للاسف احدي السماعتين متعطله تعمل وللاسف ان البضاعه المعروضه بيضاء والتي وصلت سوداء,0
انحرق جهازي بسلبب استخدام الشاحن انصح باستخدامه,0
ممتاز وسعر مميز,0
بسرعه ينقطع ومايستاهل,0
المنتج يكون بجود عاليه,0
عندما استلمتها فتحت مغلف شركه الشحن يظهر شكل السلعه انها استخدمت مستعمله وعندما بدات استخدم الجهاز اول مره جيدا اليوم التالي الشراء اصبح يعمل الاساس فعرفت تخلا عنه صاحبه وانا اريد ان اتحدث صاحب السلعه,0
مره مش كويس انصحش حد بيه بصراحه افضل منتجات ممكن تشتريها منتجات سوق شوب افضل وعن تجربه الاسم شاحن جوال جالكسي وفي الاخر لسه نشتريله وصله علشان تستعمله المفروض انه شاحن وتحدد انه بدون وصل الصوره تكفي انا قولت انه اختراع جديد وكاتب سهل التنقل قولت يمكن الوصله تبعيته بتستخبي جواه كويس اختراعات يلا قدر الله شاء فعل رمضان كريم,0
الحقيقه صناعه سيءه لايتناسب حجم قدرته المذكوره انه لايشحن الجهاز سوي مره ونصف فقط ززثقيل مرن,0
احذركم هاذه السلعه اومن الباءع نفسه,0
اخترب انا بعدي استخدمته اول شي جربته اشوي استوي بعدين يوم كنت بجربه مره ثانيه استوي حاولت وايد نفع خلص يعني اقدر استخدمه مره ثانيه,0
رديءه جدا ومافي جوده الصناعه جدا رديءه تشحن الا مره وحده فقط,0
بسم الله,0
وحشه جدا ومكملتش حتي,0
ضعيفه جدا شحنت جلكسي نوت لمينتهي الشحن وفضيت البطاريه بسرعه رديءه جدا,0
سيء,0
جيد المفترض الشرح بشكل اكبر حجم الجهاز لان الصور داءما تكون خادعه وذلك امل توضيح حجم الجهاز سم,0
الشاحن مكتوب انه وهذا يعني انه يشحن موبايل النوت اكثر مرات التجربه الشخصيه بشحن الموبايل مره واحده فقط ولم يكمل المره الثانيه وهذا يعني ان قوه الشاحن لاتتعدي ال ملي امبير,0
شاحن سء لايسطيع شاحن الموبيل مره علي الاقل,0
ليتم شحن الجهاز نفسه يوجد وصله مخصيصه لادخالها كبس كهرباء وتضطر الي استعمال احد وصلات الشحن الملحقه بالاضافه الي جلب وصله خارجيه عندك للتحويل وصله يو اس الي فيشه كهرباء والغير ملحقه بالجهاز ايضا,0
جوده الكيبل سيءه جدا يدم معي سوي ايام قليله,0
شغلته واول مره اشغله ضرب عليا ينفع العلم عندي شكل الشاحن ممتاز الشاحن اول مره حطيته طلع صوت شراره وربي لطف وسلم ولي تقريبا اشهر تبدلت السلعه رجعت فلوسي ومماطله الباءع,0
جهاز ممتاز جدا وانصح,0
مناسب بالنسبه لسعره,0
يوجد فلاش للكاميرا ودقه الكاميرا سيء,0
السعر نار,0
الكاميرا ضعيفه والجهاز يعلق احيانا,0
سء سء سء,0
حصلت باقل الف موقعهم,0
يجب تخفيض السعر ليتناسب بقيه العروض,0
السلعه سيءه تصلح للاستخدام البطاريه جدا ضعيفه بشكل عام السلعه غيرجيده استخدمت الموبايل لفتره قصيره لصعوبه استخدامه موبايلي عادي توجد اي مميزات واللون الذهبي عالاطراف مكتمل يشبه الموبايلات المقلده واعتقد انه تقليد مب اصلي,0
سلعه بالمواصفات المطلوبه عيب خطير ان الجهاز يسخن ويعلق ويعيد تشغيل نفسه,0
بطيء يتعلق,0
الجهاز صالح للاستخدام وخاصه قررت انك تستخدمو مكان جهاز افضل منو,0
لايوجد تقيم للمنتج,0
سيء جدا جدا جدا كتقيم عام تفصيلا الكاميرا تصل ابدا ميجا بيكسل رديءه الاماكن المغلقه تصل ميجا الاساس الوانها طبيعيه جوده الصوره عموما سيءه الذاكره الداخليه جيجا بايت انما جيجا بايت الهاتف يسخن جدا تشغيل الانترنت يفصل الشريحه تشغل الانترنت فيكون بلا قيمه الاساس الشبكه ال موجوده علي الشريحه الاولي فقط يمكن تحديث النظام الي اصدارات احدث نظام الاندرويد ال دقيق بالمره فهناك فرق المكان يظهرك بحوالي او متر داءما يصدف ان يظهرك مكانك مره واحده,0
بصراحه اشتريته علي بالي واتس دام تويتر وفيس بوك تفاجات انه مافيه ولايدعمه هالجهاز,0
قمت بطلب الجهاز وتبين انه يحتوي علي لغه عربيه,0
شلش مره,0
سعره اقل وفيه فلاش كنت قيمته اكار كدا فشل واضح سوني انها ماحطتش ليه فلاش,0
عملي ومناسب,0
اشتريت السلعه علي اساس انها جديده ولكني فوجءت مستعمله وفيها عطل باور الكهرباء ان الهاتف يخسر الكهرباء بسرعه رغم اني اشتريت بطاريه جديده اصليه,0
سعر مبالغ جدا جدا جدا,0
السلعه غاليه وسيءه اسوء سماعات اشتريتها,0
اكون صريحه السلعه الكثير الاشياء السيءه,0
السعر مبالغ اسعار بلاك بيري نزول العلم ان الجهاز اول اصدارات النظام الجديد وكان يعاني المشاكل,0
سلعه سيءه والباءع اسلوبه سء للغايه انصح اعطيه نجمه واحده,0
عملي,0
السلفي ستيك مافيه اي ازرار,0
توصيل الباءع ممتاز لاكن التاخير ارامكس كالعاده السلعه كانت الوصف وسعرها افضل سعر موجود ويعتبر رخيص جدا مخصص اكثر للجوالات وجيده نوعا علي الكاميرات,0
السلعه للاسف تلفت اول استخدام السبب انها ماءعه جدا مستويه صلبه اول عمليه سحب تتحول الي قطعه متداخله صعبه الفك والرجوع لوضعها الطبيعي,0
ترتقي للمعيار المطلوب,0
الغطاء انصح ابدا لغلاء سعره الفاحش وفي النهايه عادي جدا,0
صغيره الحجم وتثبيت الجوال عليها عملي,0
جراب لايحفي الهاتف كليا ازته ثقيله صينيه درجه رديءه انصح افضل ان تقتنو حافظه كامله للجهاز افضل,0
الكفر يخدش الجوال ويضعف اتصال الواي فاي يحمي الجوال وسريع الكسر وللاسف اشتريت قطعتين ولزوجتي ورميتها,0
اللون الابيض اختيار موفق انصح باختياره حيت انه سهل الاتساخ يصعب تنظيفه,0
اللصقه اصغر حجم الجوال تبقي الاطراف مكشوفه بشكل واضح,0
سعرو مرتفع جدا يستحق ال,0
اتوقعها كنت اتمناها بمواصفات ذكيه تناسب مستوي الايفون,0
تركيبه بيومان بداء ظهوار هواء داخلي,0
السلعه تعتبر جيده ولكنها عمليه اجراء اي اتصال باستخدام الهاتف,0
اشتريتها وللاسف طلعت رديءه جدا واظن ذالك بسبب السعر المخفض جدا,0
استعملت ثلاثه خمسه مشاكل زنه يسمعني الطرف الاخر احد السماعات تعمل,0
بسم الله الشكليه حلوه عيبها الجوده مو المطلوب وبصراحه بصوره شي والحقيقه شي اخر والله يوفقك الجميع,0
سلعه رديءه الصناعه وسريعه الكسر,0
سيء جدا جدا ومضحك علينا بالسعر,0
العرض الشراء ايام وبعدها نزل العرض علي العموم الساعه جيده نوعاما ولازال السعر مناسب استخدمتها,0
المنتج جميل لاكن جرير بدون تخفيض,0
يكن كنت امله لكنه جيد وعملي,0
المنتج يصلح للسباحه وليس للغوص لذلك مطابق للوصف,0
يستحق الشراء,0
روعه,0
منتج سيء جدا يليق بلموقع ان يسوقو لمثل منتجات سيءه,0
تركب علي ايفون,0
الجهاز لايقبل الشجن شغال الكشاف حاله التوصيل المباشر فقط يعني السلعه خربانه علما تعاملت باءعين ولم اواجه اي مشاكل,0
حتي تجربتها عده اجهزه زالت المشكله نفسها,0
السلعه اصغر المتوقع بكثير وغير مكتوب ابعاد السلعه بالمواصفات والعلبه الخارجيه مهترءه وعليها لاصق,0
سيء الشحن,0
خساره كانه قديمه جدا,0
سيء جدا ويستهلك كميه كبيره البطاريات لازم تركب بطاريه جديده يوم تبيه يشتغل كويس وبتلاحظ صعوبه استخدامه واستهلاكه العالي للبطاريات,0
انصح بعدم شراءه سلعه سيءه للغايه وغير دقيق,0
علي الكفاءه المطلوبه او المتوقعه,0
راءحته مث العطور الرجاليه يعجبني ابدا,0
سيء للغايه يكفي انه مقلد,0
جوده اقل بسعر اقل وليس تخفيض للاصلي,0
كنت متحمسا للسعر والمنتج للاسف العطورات التجاريه بسوق الجمله,0
عطر مغشوش الريحه ماتجلس ساعه,0
العطر مافيه ميزه اول حاجه الريحه تبعه مو ثابته مدتها ساعه ثانيا مو فواحه ثالثا مو طيبه رحيته مره عادي مايستاهل,0
انصح بشراءها لاني انا اشتريتها وجدتها رديءه جدا,0
للاسف العطر ثبات ابدا,0
الرش يتسرب العطر اسفل الغطاء البخاخ ادخلني حاله شكك خصوصا ان الاصلي يمكن ان يتسرب الساءل اسفل غطاء البخاخ جعلني استخدمه بنظام التقطير الاعلي,0
جيد ناحيه تركيبه العطر وراءحته جميله فواح لفتره طويله يتميز بالتركيز والثبات علي الملابس او الجسم ربما مناسب للمناطق الحاره او طلب الوكيل ان يكون بهذه الدرجه التركيز الغير قوي بالامكان طلب نوعين الشركه المصنعه نوع قوي ومركز ونوع خفيف كهذا لمن يعانون حساسيه او التهاب جيوب انفيه الفرق السعر شكرا,0
العطر بمثابه التاج والعلامه البارزه لهذه الماركه العريقه شانيل عطر جذاب بكل ماتعننيه الكلمه رولي مثير للنساء بشكل عجيب واقع تجربه طويله,0
العطر نوعا جيد وراءحته فءه البهارات ولمن يحب الفءه العطور انصحه ياخذ العطر,0
تواليت للحلاقه راءحه سلبيه,0
راءحته خفيفه جدا وثباته مرضي,0
ريحتها الكالونيا طبعا راي الشخصي وفي الاول والاخير اشكر سوق دوت كوم علي ماتقدمه خدمات,0
عطر راءع جدا انه يصنع اكثر سنه الا انه لازال بنفس الجوده والراءحه ذاتها تتغير,0
انه صناعه فرنسيه اذا صحيحا,0
سي جدا,0
مرغوب يرجي استرجاعه عاجل اجل,0
يعجبني ومختلف,0
اعتقد ان العطور اصليه,0
انصح احد يشتريه,0
راءحت العطر جميله مقارنه العطور المعروضه سبق وان اشتريتها الحجم والشكل صغير مناسب,0
بقاء الراءحه يدوم لخمس دقاءق او اقل,0
اسواعطر مايستاهل المبلغ سيء جداجدا,0
منتج راءع جدا,0
سيء عدم الثبات,0
انصح ابدا,0
تعجبني راءحته اشعر كانه اصلي,0
سيء جدا,0
احس انه معروفه راءحته ولانصح,0
شكرا واتمني التوفيق والنجاح,0
جميله وجذابه اللون يثبت جميله وجذابه اللون يثبت جميله وجذابه اللون يثبت جميله وجذابه اللون يثبت جميله وجذابه اللون يثبت,0
ناقص لايوجد شاشه الريموت لايعمل يشغل لايستفاد الجهاز,0
الجهاز يحسب الريال السعودي يحسب فقط عدد الاوراق المدخله يعني تضع عشره اوراق فءه مءه يطلع الناتج عشره,0
تصلح,0
السلعه مجديه تفيد للغرض المشتراه اجله استخدمتها ان اشترتيها الموقع وليس فعاله وانصح بعدم شراءها,0
المنتج مضروب,0
صراحه تفاجءت بالخاتم سيء جدا لونه كانه مكتم بزياده وتحسه مطعج وغير مصقول كانه حبات الرمل صراحه انصح بهذه السلعه,0
الخاتم عكس المتوقع الكتابه باللون الرصاصي الباهت يصعب ملاحظتها عكس جاء بالصوره انها باللون الذهبي الواضح سمك الخاتم ضعيف اشكر الباءع التزم بميعاد الارسال خاب ظني توقعت ان يكون علي اقل تقدير يشبه خاتم سلسله لكنه بعيد الي حدا عنه,0
جيد سعره مبالغ,0
انصح بشراءها لانك تستطيع شراء نوع اخر افضل بنفس السعر فهذه سجاده لاتقي الشمس خاصه اذا صليت باحه المسجد الظهر,0
المصداقيه بالعروض المقدمه الشركه ان يكون تخفيض بالسعر ويتفاجء العميل بالخدمات السيءه البيع وان تكون العروض صحيحه واقعيه,0
اسعار بنفس الجوده ونفس حجم الكميه وبقيمه,0
رايت السلعه اسواق التجهيزات الصوتيه بسعر يتعدي ال سعودي,0
ايجابيات سلبيات كرت التقاط فيديو قنوات وصله اربعه مداخل ايزي كاب,0
انتظار البوليصه حتي يتم ارجاع الشحنه,0
سعر مناسب,0
المنتج صيني وحجمه مطابق لحجم البطاريه الاصليه مايجعل مشكله,0
جهاز راءع فعلا دقه الوضوح عاليه جدا وجميع ملحقاته كانت كامله,0
اول شي مكوناته ناقصه ارسلوا سلك واصل الجهاز والحاسب ثانيا يصلح لمدرسه لبيت لانه يطع صور واضحه وانارته جدا ضعيفه والله يستاهل نجمه واحده,0
تم استلامها مكسوره ولم تكن شكلها المعروض الموقع وصغيره الحجم والمايك سلكه قيره ظننتها سلكيه وسعرها مناسبا لامكانتها,0
جيد الدقه والوضوح سيءه,0
انا اشتريت البرينتر دي جوده الخط وكسعرها وحجمها كويسين اوي المشكله انها حبر يعني يخلص الحبر لازم اشتري غيره سعر غالي انا لسه قدامي الاختيار كنت اشتريت ليزر احسن الحبر وكمان حبر بيخلص بسرعه جدا منصحش حد يشتري الحبر دي,0
الجهاز سء جدا استعمله مرات فقط وتعطل توصيله علي ولاعه السياره حرق الفيوز الخاص بالولاعه يسخن بسرعه شديده صناعه رديءه,0
بطاريه الشحن تنفذ بسرعه ولم يصل الي المستوي المطلوب,0
لاتتحمل مجهود العمل ان صناعتها رديءه,0
جميل ومريح الاستخدام,0
سيء جدا لانصح صديق,0
تجربه السلعه اتشح انها لاتجدي نفعا اي حال سواء الكيس رقيقا او سمسكا,0
سيءه جدا,0
سيء اسم حزام تخسيس فقط انصح احد باستعماله وهالغرب لعبو علينا بالداعيات ويثيرون الشخص المسكين والله جلس يشتغل مايقارب نصف ساعه دقايق اعيد التشغيل جديد مانزل نقطه عرق حراره فقط والاهتزاز يدوخ الراس ويقلب الكبد,0
استخدمته اشهر وساعدني تقويه عضلات الكتف والبطن والظهر تسبب بالام الركبه تخشن الركبه,0
راي السلعه مقبوله السلبيه الكبري يوجد طريقه لتعليقها علي الجدار او الباب فانا حاولت واتبعت كتيب الارشادات ولم تفلح الطرق توجد طريقه واضحه بالكتيب,0
منتج جيد وليس عملي,0
كبيره وعفشه شويا,0
جيده وخفيفه جدا انصح ابدا,0
سيءه جدا وليس اي فاءده كانك حاطط موبيل عامل فيبرايشين علي رقبتك وتسبب الم ولانصح اي شخص ولاسف ارغب اعادتها,0
جيده نوعا توقعتها اعلي جوده,0
البانر العلوي المسءول تثبيت القطعه باعلي الباب مصنوعه البلاستيك,0
الشاحن جيد انحرق يعمل,0
مقاس البشر مش متحرك حجم الخضار المطلوب مقاسات كبيره ال خضار حتي يتم البشر التقطيع جيدا,0
جوده المنتج سيءه جدا وغير عمليه وتشعر بانها ستكسر يدك,0
منتج يصلح لشء,0
مو كويس وغالي جدا,0
السلعه تجرب واعتقد ان السلعه كانت العرض وليس جديده لوحظ عليها اثر استخدام وتشقق الجلد الخاص بالمقعد,0
نصف نصف,0
سلعه جيده صغيره الحجم وغير مناسبه للجسم المتوسط والكبير ونوع المطاط شديد جدا والسلام عليكم ورحمه الله وبركاته,0
ربما الجهاز يعطي اداء فعلي,0
مش هذيك الجوده وحجمها اصغر ايدي صارت بتشيل الشعر,0
لحد الان التجربه وصعب نحكم علي السلعه التجربه النظره الاولي اري انها تءدي المطلوب شكرا للجميع,0
السلعه سيءه وغير قابله للاستخدام باي شكل الاشكال لوجود عيوب صناعه خطيره الخامات والتفصيل بمجرد لبسها تتقطع وتنفصل اجزاءها يمكن اصلاحها نهاءيا وارجو ارسال اي فني لمعاينتها بنفسه ولاتصلح لجميع المقاسات,0
السلعه جيده نوعا الشراء اتضح بان سعرها مبالغ نظرا للخامات ونوعيه المخده والقطعه السوداء تغطي العين,0
جدا سيءه مصنعه خامات مطاطيه سيءه جدا وبها راءحه جدا كريهه ان جوده التفصيل بدرجه تسمح ان تكون عمليه وغير سهله بالاستخدام والارتداء,0
السلعه جيده ولاكن السعر مبالغ,0
خامه ردءيه ودرجه تانيه,0
الشورت مقاس اكس لارج واسع جدا مش مقاس اي شخص طبيعي اصلا انصح اي حد يشتريه حتي ببلاش,0
يوجدسلبيات لهذه السلعه وهي رداءه التصنيع يتم تمزق اطراف المنتج كثره الشد,0
خامه رديءه تتمزق بسرعه مقاس صغير جدا يناسب الناس البالغين ابدا,0
سي جدا انصح بشراءها,0
التقيم للمتج ناحيه الجوده,0
السعر مرتفع مقارنه بجودت المنتج وعمليه التخزين للسلعه رديء جدا او انها مخزنه منذو زمن طويل,0
يناسب معي,0
ممتاز والسعر مناسب,0
المنتج قديم جدا يناسب ايباد اير,0
طاءره فاشله تطير عندي انواع كثيره الطاءراه لاكن نوعيه سيءه,0
تطير الا مره واحده ولم تعد تطير نهاءيا تحوم علي الارض حول نفسها,0
مصابيح اماميه قويه لتوفير رءيه واضحه يوجد اي مصابيح مجرد لستكرات فقط,0
قديمه وتحل علي اليدين للاسف اللون الازرق لايلامس شيء حتي يحل ويعلم,0
انصح بعدم شراء هاذي السلعه لانه مناسبه ولاتعمل مجرد دميه صغيره وسعرها غالي وغير مناسب لحجمها لان سعرها الحقيقي يتجاوز المفروض,0
المنتج راءع جدا وممتاز ورق العب اصلي,0
صناعه سيءه,0
اشتريت المنتج العجلات المضيءه لاتعملل الا فقط تصدر صرصره وغير موزونه يستطيع الاطفال العب الا بوجود نزله الارض اما علي الاراضي المستويه فهي ثقيله تتحرك بسلاسه,0
بصراحه اشتريتها لابني الصغير وانصدمت انها تطير تستجيب بسررعه,0
الصراحه الكور جدا خفيفه اقل ضغطه انغفست,0
لايوجد شاحن,0
استلمتها واكتشفت ان احدي المحاور تركب العجله مشوه ومبتور وناقص احدي الجهات فالعجله لاتثبت للاسف الشديد ونطلب الله العوض,0
السلعه لعبه جيده نوعا للاطفال سن الخامسه لكنها كاللعبه اللي الاي باد ترا توم يتحرك ويتفاعل بصوتك شاشه وهميه البلاستيك,0
منتج سي جدا انصح,0
يعجبني ابدا ولم نستطع استخدامه بشكل جيد بسبب بطء شحنه فقد تم وصله بالشاحن لثلاث ساعات ولم يشحن الا ٪ اول استخدام,0
يوم سعر يتغير والبطاريه تفرغ بسرعه رهيبه ومدخل الشاحن بيخرب بسرعه,0
عمليه بالمره وغير مطابق للمواصفات وبطيءه جداجدا تاتي بالملحفات الخاصه,0
ايجابيات سلبيات طاءره هيلوكوبتر صغيره,0
الاعلان جيد وكذلك السعر الا انها لاترتقي لذلك,0
مضروبه,0
شو نوع الجهاز صيني ياباني ممكن تفيدوني,0
منتج ممتاز ومتطور لان الاندرويد كات احدث الاندرويد وكمان سعره ممتاز مقارنه بالمميزات,0
اللعبه كبيره جدا وغير ثابته علي الارض لاكنها مسليه الي حد ماء,0
فتح العلبه البطاريه ضعيفه تعمل لاكثر دقاءق,0
السلعه صناعتها رديءه اول يوم اتمزع القماش وطلعت الحشوه جدا سيءه انصح بشراءها,0
المنتج بحد ذاتته فهو جيد خامه جيده وليست رديءه المشكله تكمن السخونه الزاءده الحد والبطاريه عمرها قصير خصوصا انه شريحتين وعشان كدا انا رجعت الجهاز واخدت فلوسي مره تانيه,0
انصح بعدم شراءها,0
الشاشه سيءه جدا انها قاتمه اضاءتها ضعيفه جدا اعتقد تسبب ضرر للعين استخدمته لمده ساعه فقط عيني اصيبت اصبت بصداع وزغلله,0
انصح بشراء اي منتجات الباءع انه محترم يحترم الزبون ويتاخر شحن السلع المشتراه,0
المنتج عباره كيس حافظه للايباد اير القديم كفر بالتالي فهي تناسب الايباد اير,0
السلعه سيءه,0
لانصح باقتناءها,0
بطء جدا,0
الشاحن وعدم قدرتها علي الطيران صغيره جدا,0
خامه سيءه,0
المنتج جبد,0
السعر بالنسبه للخامه مبالغ,0
جهاز مايميزه خفه وزنه فقط عيبه الذاكره الداخليه جيجا جيجا فقط ان عرضكم يقول انها جيجا الحقيقه زلك,0
اللعبه الاصليه,0
مافي راي عدم الرضا بالسلعه وسيءه جدا تسوي اني اصحي نومتي,0
بصراحه لاتستحق قيمتها وجودتها عاليه,0
باس,0
ساعه ممتازه وغنيه التعريف,0
شء جميل,0
حجم الساعه متوسط او صغير لكان اجمل,0
مناسب,0
تتوفر ارشادات لضبط الوقت الساعه,0
الساعه كانت علي عكس مثيلاتها الساعات الرقميه اول غسل لليدين امتلات بالماء لذي فانا انصح والسلام عليكم,0
سلعه للاطفال,0
لاتعمل بشكل جيد وتحتاج الي تغير بطاريه وتكلف نصف تكلفتها الحاليه,0
ارجو سوق دوت كوم التاكيد علي سلامه المنتج شحنه,0
سيء للغايه ومقلده ولاتتعرف علي الكمبيوتر,0
انصح بشراءها مطلقا تعطلت يوم دخل الماء واختفت الشاشه عمليه ساعه الفجر تفوقها بكثير وعليها صمان دولي لمده سنه وانصح بشراءها مكان موثوق يضمن حقك,0
المفروض عدم تسويقها بالشكل والوصف المعروض تم استلامها واتضح بان السلعه مخالفه للعرض وليس اللون الفضي المطلوب وغير قابله للتحمل يمضي استخدامها اكثر ساعه حتي تعطلت واصبحت قابله للاستخدام,0
ساعهراءعه وجميله وسعرها معقول متناول الجميع,0
اتمنا الافضل,0
صراحه قررت تاني اشتري طريقكم لان ساعات وكلها سيءه التصميم,0
المواد المصنوعه جدا سيءه,0
يعجبني علي الاطلاق,0
الساعه قديه جدا تعمل حتي ان غطاء الساعه صدا وانها تعمل ابدا ان البطاريه خربانه ومتوقفه وكما انها عيوب بالصناعه بحيث ان مفتاح ضبط الساعه يعمل ايضا,0
لانصح بشراءها ضد الماء يدخل الماء الساعه مكونا نقاط داخلها خلاف مكتوب بانها تتحمل حتي عمق متر فهذا كلام صحيح,0
الصراحه انا اول مره اشتري ساعات موقع سوق وكنت خايف الجوده التجربه اتضح ان جودتها مرره حلوه وراح اشتري مره ثانيه ان شاءالله,0
ايجابيات سلبيات طقم نيو واتش للنساء,0
المقاس والحجم صغير جدا جدا,0
لاباس,0
ايجابيات سلبيات كاسيو للرجال انالوج بعقارب,0
تصميم الساعه جدا راءع حجمها مبالغ جدا,0
سير الساعه المعدني المطلي بالذهب الحبات مصديه,0
الساعه صغيره الحجم الداءره سم فقط,0
استلمت الساعه وهي تعمل فقمت بتغير البطاريه,0
الساعه لاتعمل,0
الساعه حجمها كبير جدا,0
الساعه تقاوم حتي قطره ماء تمر عليها ايضا لونها يروح بسرعه شكلها جميل ويوحي بالقوه وهي عكس وسعرها مبالغ مره,0
اذا انت تبيها شكل انصحك,0
صناعه رديءه,0
بصراحه انصدمت عرفت ان العقارب الصغيره اللي بدخل الساعه مجرد زينه,0
جيده نوعا,0
عادي,0
ساعه اطفال صغيره,0
انيق وجذاب جدا وملفت للانظار وقمه الروعه التصميم,0
الساعه زجاجها مخدش ومكسور ولاتعمل,0
انصح بشراء السلعه مطلقا ولذلك لكونها اكثر شكل جذاب فقط تستطيع ان نقوم باي مهمه ناهيك علي انها تعمل لمده دقاءق فقط,0
تنظيف الشعر مزعج البطاريه ثابته تنفك اثناء الاستخدام المثبتات الجانبيه تنفك ثابيته تبدو جديده,0
سيءه ونفس الخامه الموقع وتم الطلب لون اسود واتفاجءت باللون الابيض وتم وصولها خلال اسابيع واكثر,0
احد يشتري رديء رديء جدا,0
الخامه سيءه,0
ايجابيات سلبيات لانجري موديل احمر,0
البظاعه كيس عادي توضع كيسها لاصلي دليل ان البظاعه مغشوشه حسبي الله ونعم الوكيل وتاخرت مره اخذت يوم,0
سيءه جدا انصح بشراءها ومجرد خساره مال,0
ايجابيات سلبيات مشد لتنحيف الجسم,0
بالرغم ان المشد اكبر مقاس الجسم الا انه تفتت حال لبسه نظرا لسوء القماش ورداءه حياكته تقطعت الجوانب يشعرك بانه لايمت للجوده باي صله كانت ولم اقفعلي اسوا اطلاقا,0
المنتج جيد جداوالسعر اكثر جيد,0
التلبسيه راءعه كنت اتمنء انه غطاء كامل,0
اعتقد انها مناسبه لحد للسياره كونها تكوه او المخده الصغيره وبتشتغل بالبطاريه ودمتم للنضال والي الامام,0
منتج سيء جدا قليل الجوده,0
صغيره وغير عمليه,0
يوجد معها اي دليل حتي يوضح طريقه العمل وليست قويه وسعرها مبالغ بصوره كبيره,0
انا اشتريت الشنطه ومش عاجباني لانها الاصل شكلها شنطه سفر مكان للاب توب مش العكس الطول العرض سم سم مش مشكله القياس الافقي للشنطه يكون سم المشكله القياس الراسي ارتفاع الشنطه الارض اكثر نص متر يعني عمليه لجامعه او,0
سيءه للغايه ومصنوعه مواد رديءه جدا تستحق ربع نجمه,0
خامات السلعه رديءه جدا ولم استعملها قط نظرا لضعف هيكلها الخارجي وقصر وضعف سلكها الكهربي,0
يشحن الجوال,0
جيد شكله جميل فقط اريد ان يكون طويل,0
يصلح للاستعمال لان السلك المستخدم رديء للغايه وبالتالي عمليه شحن الموبايل تستغرق حوالي الي ساعات يزداد الشحن بمقدار,0
وايد خايس مب اصلي مايشتغل انكسر اول ركبتا,0
عجبتني لونها وصلر بدها رمي ياريت جبتها لونها دغري تغير,0
تكن علي مستوي الطموح,0
ايجابيات سلبيات ‫ ميجابيكسل,0
سيء ناحيه السعر,0
اريد شراء المنتج مره ثانيه ولكنه متوفر,0
سلعه جيده لكنها باهظه الثمن وهي صناعه صينيه,0
السلع رديءه الصنع وبها خدوش واضحه حتي الاستعمال,0
صغيره الحجم كانها نظاره طبيه,0
تطابق مواصفات العرض,0
كبل اتش دي عادي معرفش حتي يشغل اللاب,0
موديل الحقيبه جميل وكلفتها جيده كنت اتمني ان خامه الحقيبه تكون كلها الجلد حافات الحقيبه,0
اتوقع ان تكون الشنطه بهذا المستوي الرداءه وكان تم استخدامها شخص سابق اللون معروض الموقع باهت للغايه والخيوط تنسمت جانب والله اتوقع عذا الشيء منكم ابدا رغم اني زبونه داءمه لديكم وقد صعقت صعقه كبيره عندما قمت بفتح البضاعه رميتها لانني استطيع ان اقتني شيء بهذا المستوي الرداءه وعذرا,0
تساوي قيمتها,0
الجهاز يقوم بارسال رساله برابط لتحديد المكان ارابط يعمل اطلاقا,0
السلعه جيده جاءت الوصف,0
حصل عيب اول استخدام,0
نظيف ممتع واجابي,0
الجهاز سيء جدا يسخن لمده دقيقه انتظر الطبخ الخبز,0
جوده السلعه رديءه,0
الزجاجات محكمه الاغلاق والتغليف باللاصق وهناك تسرب للحبر الاحمر,0
جوده سيءه جدا,0
الماء يتسرب,0
ضاغط علي الاذن ويسبب الم,0
تكن المتوقع,0
العدسه غاليه جدا جدا ليه ارخص كده بكتير,0
للاسف اشتريت اكثر ملصق حاءط اكاد الصقهم وبعد دقيقه يفك لصقها,0
عمليه والخامه سيءه السسته ضعيفه الحواجز الاحذيه فعاله ضعيفه,0
الطرف الثاني يسع الصوت بعيد وصعوبه الاستخدام,0
حزام فايبر جيد لانه صيني ويخرب بسرعه لازم ترنس استبن لانو اتحرق مجرد شغلتو تاني مره,0
بصراحه شريتهم عجبني حرام فلوسي,0
صناعه رديءه تحتمل الاستعمال ابدا ولن انصح صديق لانه سيكون خساره للمال بدون استفاده الفاءده المرجوه اذا اول لبس للحلق ان خلعته انفصلت اللءلء الذهب,0
جيده الون مطلي بالذهب بالصور برونزي,0
اريد استبدال الخاتم بحجم اكبر لانه بمقاسي,0
تكن المواصفات والمقايس المطلوبه والتي تم ذكرها بانها مطليه عيار انه اكسسوار جدا عادي اريد استرجاعه,0
كارت الشاشه المدمج اللاب جيد,0
منتج سيء جدا يعمل بنظام الدوس يجعل التعامل معه صعب ومعقد سرعه المعالج ضعيفه لانه يتعامل الانظمه الحديثه تحتاج لمعالجات قويه,0
مركون المطبخ,0
جيده ويوجد خدوش بماده السيراميك المطليه والرتوش النهاءيه لعمليه الطلاء متقنه وغير سميكه تتناسب حجم وزن الوعاء,0
اختصار الوقت وسهل التحضير,0
المنتج يقوم بتقطيع الخضراوات يقوم بعصرها يدمرها ويجعلها قابله للاستعمال اتضح الاستعمال الفعلي زوجتي امي مشتريات اتضح انها مفيده علي الاطلاق,0
طبقه السيراميك رديءه وفيها خدوش واضحه,0
سلعه رديءه جدا بطيءه جدا متزنه التشغيل يجب ان يتم تشغيلها مره يعاد تشغيلها فتره تعمل الا ثلاثه غزل المره الواحده الغزل صغير جداو,0
محتاج البطاريه ضروري جدا جدا,0
السلعه اسوء السلع تقيما وانصح بعدم شراءها لانها بتتلف بسرعه وسعرها عالي الثمن ورديه المنتج بانصح عدم الشراء,0
السلعه سيءه جدا جدا,0
يفقد شحنه بسرعه يءدي الغرض,0
المنتج شكله حلو وبسيط ملوش اي نفع,0
كبيره الحجم تستطيع حفظ اي شء عليها اونقل اي ملفات,0
السلعه جيده الي حد اجد المميزات الاعلان ولكني انصح اصدقاءي علي امكانيت الجهاذ,0
جهاز بطء للغايه يعلق وخصوصا الاتصال الهاتفي الشاشه والعرض جيد الحجم كبير بالنسبه لمن يحبدون الجوالات الانيقه والصغيره البطاريه تفرغ بسرعه,0
اشتريت السلعه للاسف افرح يوم اصبح الجهاز يتوقف فجاه ولايعمل اضطر الي نزع البطاريه اعاده التشغيل ان يستقر النظام يتوقف جديد الان بلا فاءده,0
انصح بيها,0
سيءه,0
اول يوم استلمته والجهاز يغلق نفسه تلقاءيا تحولت الشاشه بيضاء سيء جدا واتحدث فقط الهاتف ان هاتف مثيل وخالي العيوب الله تعالي اعلم,0
سء للغايه,0
المنتج جيدا,0
راءع وممتاز,0
لايمكن انا يكون جوال كشاف بسعر ارجو منك تعديل السعر,0
اشتريت السلعه الموقع علي انها جديده وصلتني مستعمله الشحن يعمل وبه ارقام مخزنه لاشخاص انصح,0
اتاني خدوش الخارج ويوجد ايقونات باللغه الصينيه الداخل يوجد قطعه ياخذ بطاقه السيم يتم تفعيل شبكه الامارات سيء بكل معني الكلمه انصح احد وعتبي الكبير علي موقع,0
الموبايل مساحته الداخليه ميجا متاحه فقط لايمكنك الاحتفاظ اخر تحديث للفيسبوك والواتس اب والفايبر والخرايط وهي برامج لازم حفظها الذاكره الداخليه وعندما تمتليء بهذه البرامج يبدء التهنيج المستمر,0
جيده لانها تسهل التصوير الراس ثابتا ويتحرك اثناء التصوير,0
ال بنفس حجم الشاشه,0
اشتريت قطعتين وصلني الجرابين فقط بدون حافظات الشاشه,0
يوجد عندي ملاحظات وشكرا,0
الكفر صغير,0
نوع ممتاز,0
سلعه جيده ونتمني بالوان متعدده وباشكال جميله ومتنوعه الغطاء قوي ومتين وتم التوصيل وقته المحدد ولم يحصل تاخير ونتمني الافضل,0
السلعه ممتاز كجوده تتحمل الحراره ابدا المكان تضع الجوال ماده صمغيه شده حراره الجو ذابه واضره بجوالي استعماله انا اعيش السعوديه المنطقه الشرقيه المنتج يتحمل الحراره,0
المنتج بالجوده الكافيه,0
المنتج جيد ماهو افضل,0
يعجبني الشاشه ضد البصمه وكنت اتمني ان يكون شفاف,0
السلعه جيده السعله اختارتها مو اول مره تسوها معي,0
ماتم شراءها سوق كوم بشهر فقط ظهرت عيوب بدات تتشقق ومع الاستخدام بدات تفرز ماده لزجه واثرت سلبا علي الهاتف غلق وفتح المحفظه لاحضت الماده تغطي الشاشه باكملها لانصح بشراءها بتاتا ان السعر ببسيط ولاكنها اتضح انها تقليد وليست اصليه لاتستحق ايونجمه,0
الالوان تظهر الاعلان مطلقا,0
استلمها,0
العطور مقلده انصح احد بشراءها,0
انصح,0
قمت بشراء اكثر عطر العربيه للعود كلماتي سحر الكلمات مستي ود ثبات الراءحه لهذه العطور جيده اذا كنت تبحث عطر يدوم وقت اكثر علي الجسم او الملابس فعطور العربيه للعود اختيار مناسب علي الاطلاق,0
قوه تركيز العطر جيده,0
صغيره تصلح حتي للاطفال,0
اعجبني جيدا المنتج,0
سيءه انصح خامات رديءه يوجد تحكم بدرجه الصوت السماعات تفصل الصوت الحركه مريحه اغلي مثيلاتها بالسوق,0
انها لاتعمل كانها مكسور انصحكم ابدا ارجو ان يتاكد الباءع عملها بيعها,0
اذا ارتفعت حراره الاسلاك محرك الجهاز يتوقف الجهاز العمل اذا وصل بالاطار اذا فصلته الاطار يعمل,0
اقل صفر تشتغل يوم وتوقف اسبوع مو عارف مزاجيه ايش نظامها,0
المنتج جيد,0
انصح بشراءها وهي رديءه الصنع وغاليه,0
راوتر انه موسع مدي,0
المنتج جيد ده برودباند وليس روتر بمعني ادق سوتش توزيع وتقويه شبكه وليس روتر يتم ادخال خط تليفون ومخالف تم الشراء لاجله,0
الجهاز جيد شحنه وهمي ويخلص بسرعه ادري وش السبب,0
منتج مظبوط ناحيه كميه تخزين الطاقه,0
يشحن الهاتف بنسبه فقط واذا قمت بشحن الهاتف خلاله وانت تتحدث يستطيع شحن الهاتف وتنفد طاقته فورا,0
السماعه والسبيكر جدا ضعيف والذاكره الداخليه صغيره جدا تسمح بتخزين المزيد الالعاب والبرامج والالعاب تعمل,0
بالرغم وجود شريحه موبايل الا اني يمكنني اجراء اتصال تليفوني فقط لاستقبال بيانات النت فقط وهذا بالمقارنه سامسونج ثانيا يتوفر لكه كمالياته الغلاف الخارجي للحمايه,0
ضعيفه للغايه لصنع الرغوه سيءه الصنع قصيره العمر الافتراضي سيءه,0
السلعه جديده ولم استفيد بشيء نه ناقصه يمكني تجميعها للاستفاده علما اني اشتريتها علي اساس السلعه جديده,0
للاسف اسبوع استخدامها تعمل جيدا,0
تمت للمخده الطبيه الموجوده السوق باي علاقه الحجم النوعيه وسيبك صوره الكف ال بيسيب اثر علي المخده بيحصل الكلام ده لانها اسفنجه عاديه جدا,0
اريد معرفه بالجهاز كاميرا لاستخدام السكايب ام حاله يمكن تركيب كاميرا سعرها كام يرجي سرعه الرد لشراء الجهاز,0
ربما السلعه الي ان رجعتها فقط الي سيءه حتي اكون ظالم,0
سهله الاستخدام وعمليه,0
استعمال اسبوعين فقط يمكنها ايقاف الايباد عاموديا مره اخري,0
سعر المنتج غالي جدا المنتج رديء جدا جدا انا مش حشتري حاجه تاني سوق كوم,0
منتج لايصلح لاجهزه التاب لانه لايتحمل الوزن وغير صلب,0
السلعه لاترتقي جودتها بالنسبه لسعرها ان نوعيه غطاء الحمايه والقلم وستكر الحمايه كنوعيه نوعيه رخيصه جدا,0
انصح لانها مضمونه خربان كويس الجهاز فلم بيخرب ارجع افرمتو بيخرب والان باتصل بخدمه العملا,0
ماتستاهل سعره,0
جميله والاكنها وصلتني ناقصه القطع بحيث استطع تركيبها فضطررت الي ارجاعها واضاعه وقتي,0
يجب ان تنشر الصوره مقارنه بشي معرف كيد الطفل المستهدف يكون المشتري علي بحجمها يفاجا بانها صغيره جدا,0
ضعيف جدا وخامته سيءه جدا واتقطع اول يوم,0
ايجابيات سلبيات,0
تعمل بالشكل المطلوب انها تءخر الوقت بمقدار كبير يتجاوز ساعات العمل المتواصل,0
سلعه فاشله ومكشوطه مستعمله,0
الارقام واضحه,0
سعرها المحلات واصليه وشكلها تحفه سعرها مرتفع جدا المحلات المحلات واصليه وشكلها تحفه سعرها مرتفع جدا المحلات,0
جيد وذات جوده منخفضه يوجد تناسق بالحجم وتعتبر اسوء الصفقات قمت انصح ابدا,0
سغر مرتفع يقدر قيمتها,0
الساعه مش ضد الميه خالص ودا كدب,0
ارجو شرح طريقه عمل الساعه لانني استطيع معرفه كيفيه استعمالها,0
تعمل تركيبها الجوال نهاءيا العلم اني استعمل شاحن اصلي السلك الاصلي انصح بشراءها نهاءيا,0
المشترك يعمل لانه يقوم بتحويل اشاره ال الي تحتاج الي جهاز محول للاشاره مجرد وصله,0
كنت ناويه اشتري منتجات اخري الجوده بتاعه السلعه دي خلتني اقرر اشتريش حاجه تانيه,0
الخدمه جيده انصح بالكهرباء احسن العادي,0
تصلح للغرض صنعت لاجله,0
شنطه لاي حاجه لاب توب,0
المفروض تكتب كافه بيانات المنتج وصناعته عشان الناس متشتريش غلط,0
ضعيفه الشفط كمكنسه منفاخ بطيء جدا,0
لابد مواصفات للسلعه ماركه قوه ضخ ضغط اقصي,0
اعتقادي انه ضعيف ولن يتحمل الشد ارفع حبل الغسيل,0
صغير الحجم جدا,0
وصلتني السلعه وعند تجربتها تبين وجود مشكله مقياس الهواء,0
الاستعمال الثاني الخرطوم اتقطع,0
المنتج يعجبني,0
تحتاج الي وقت كبير جدا لتعبءه اطار السياره اكثر وقت تغير اطار السياره,0
منتج ردء انصح بشراءه,0
قماشته رقيقه جدا وعن تجربه بيتقطع بسرعه,0
منصحش حد انه يفكر يجيبها,0
ايجابيات سلبيات رونيمون طاوله لاجهزه اللاب توب مزوده بمكان لقلم,0
المقسم جيد مقبول,0
ايجابيات سلبيات,0
ايجابيات سلبيات ترابيزه الاب توب للاستعمال اي مكان,0
ايجابيات سلبيات اي تابل ترابيزه لاب توب,0
منتج سء جدا,0
ايجابيات سلبيات ماكينه غزل بنات,0
سلعه رديءه للغايه وندمت اشد الندم اني اشترتها وانصح بعدم اقتناء السلعه,0
انصح بشراءها لانها لايوجد ضمان مركز صيانه جودتها رديءه,0
الماكينه بالرغم شكلها الممتاز والخامه المعقوله الشفرات حاده تماما تلمه الاخر,0
سلعه سيءه جدا,0
النظاره سيءه والعدسات خدوش كثيره والحجم مناسب,0
الماكينه يظهر صوت ماتور فقط تقص الشعر ارجو التبديل فورا وارجو الرد عليا وارسال مدوب الشحن للتبدين اقرب وقت,0
سعرها مغالي,0
السعر مبالغ بصراحه بالنسبه للقدره علي العمل المتواصل شغلت اليو اس الكشاف المروحه علي السرعه العاليه مش هتشتغل اكتر ساعه ونصف,0
جوده ممتازه للتنعيم فقط,0
شيء راءع خفيف الوزن وسهل الاستخدام اتمني الجميع ان يشتروا المقاس الكبير قدم حتي تتقيد,0
الادوات اجزاء جوده وادوات اخري جوده علي الاطلاق انصح بشراءها لصديق,0
اول استعمال لهذه السلعه الرديءه المصنوعه ادني المواد يمكن ان يصنع اداه لهذا الاستخدام,0
مصنوع خامات تعبانه,0
منتج ردء جدا ومليء بالعيوب الفنيه انصح لاي احد بشراءه,0
لايصلح الفيلات ولالمنازل وذلك لقصر الطول مناسب,0
التجربه يكن ذافاءده واتضحت عيوبه اول تجربه وتقطع مفاصل الصمامات وبعد الترميم محلات خاصه للخراطيم اصبح جيدا جدا لانصح اذا يكن جوده عاليه شركته الام,0
السعر يكون تكون,0
اشكركم,0
الحجم صغير جدا بشكل سء للغايه عمليه وغير مفيده بالمره,0
المنتج جذاب ولكنه جوده مرضيه,0
ضعيفه جدا وبتلزق الملابس ومش عمليه,0
تسخن جدا تكوي قميص,0
سيءه للغايه انصح,0
المشمع القماش خفيف جدا الفوارق منفصله القاعده نتمني يكون بديل افضل المنتج شكرا لاهتمامكم,0
اقصر طول الرولات المباعه الاسواق المصريه بالتالي يصعب استخدامها عمليا ارجو استبدال المنتج بمنتج اكبر فالحجم يتناسب طول رولات التغليف بالاسواق المصريه,0
الكشاف يعمل شحنه وعندما تفرغ البطاريه يعمل لان داءره الشحن خلل,0
جيده,0
بتقطع كويس حديدها ضعيف استعملتها شهر والايد بتاعتها اتكسرت انها المفروض حديد,0
وصلتني تباع المحلات بعشرين جنيها فقط,0
سلعه سيءه تطرد الفءران شء وجودها عدمه وصناعتها رديءه جدا وليس كتيب لطريقه الاستخدام حتي,0
المنتج يعمل بالبطاريات والباءع ذكر صفات موجوده بالمنتج المكونات بلاستيكيه وتعمل بضغط اليد تساوي ابدا السعر المعلن,0
الجهاز مشكله مخرج الكهرباء وارسلت ايميل بذلك ولم يهتم احد,0
ايجابيات سلبيات منظم الدولاب الجديد,0
منتج سيء,0
ضعيفه جدا وسهله تتقطع اقل شده ومش مظبوطه الطول نص اطول نص يعني المغناطيس اللي النص الاول والمغناطيس اللي النص التاني مش هيبقو قدام فالجذب بينهم هيكون ضعيف هتقفل تدخل او تخرج,0
الفكره جيده والتنفيذ سيء,0
تسلمت السلعه واحدي السماعات تعمل واتصل بسوق وبالفعل ارسلو مندوب شركه الشحن ليسترودوا السلعه والتي اعتقد انه عطل المصنع,0
السماعه رديءه جدا التجربه سماعه اخري اصليه الصوت جيد والسماعه اصليه والكاتالوج متوافق السماعه,0
سماعه رديءه الجوده انصح باقتناءها انت هواه الصوت النقي,0
منتج ردء,0
اذا يعمل وتم اختباره فهو جيد حتي يتم اختباره لمده عمل طويله,0
سيء تشحن اكثر بالماءه,0
عمر قصير للبطاريه يتعدي عمر التشغيل ثلاثه اسابيع ولم تعد قيمه انصح اي احد الا حاله واحده وهي ضروره الاستخدام لسفر قصير,0
ضعيفه تقوم بالشحن الا لمرتين فقط علي الرغم انها,0
ايجابيات سلبيات شاحن سيارات يو اس اجهزه سامسونج,0
شاحن سيء جدا يشحن كثير الموبايلات وخصوصا البطاريات تزيد مللي امبير اكثر انواع بطاريات الموبايلات,0
انها تشحن البطاريه اكثر بالنسبه لموبايلات الحديثه لموبايلات القديمه ده متناسب السعر,0
السلعه وحشه جدا منصحش حد يشتريها انا جبت ثلاثه مش شغالين شغال بيشحن كلمت صاحب السلعه بعت بدل اللي مش شغالين بردو مش شغالين,0
غالي علي الامكانيات البسيطه,0
الشاحن بحطوه علي الشحن لمده كبيره جدا الاخر مش بيديني اكثر ربع ساعه شحن او شحن الموبيل المفروض انوه امبير انا موبيلي امبير يعني المفروض يشحنوه كلوه زياده,0
شاحن سامسونج علبته وجديد,0
الشاحن تقليد مش اصلي واضح الخامه والتقفيل شاحن الاصلي امبير الشاحن امبير,0
سلبيه للغايه وليس اي قيكه وتعمل علي بطء عمليه الشحن,0
خامات المنتج سيءه وحجمها صغير وضعيفه,0
سيراميك وعباره قطعه صاج مطلي بيطقطق النار ويبوظ الطعام وبتتحرق,0
السلعه صغيره جدا ومفيش اي بكر استرتش قدها,0
الشكل مناسب السعر يعتبر اكتر تستحق الخامه لاكن سلعه كويسه وتنفع المطبخ وشكرا سوق كوم علي سرعه الاستجابه,0
سلعه مفيده وخامه مميزه وسعر مميز جدا ارجو الا يزيد السعر حتي يستفيد الكثير المنتج انصح غيري بثقه,0
حجم صغير جدا انما شكلها جميل كاس الويسكي افكر استخدام انها للزينه صناعه مكسيكيه,0
السلعه جيده العصا يتم تركيبها المنتصف كحامل يمكن رفع الملاحه لانها تنكسر,0
حلوه ومناسبه بالنسبه للسعر,0
تسرب الماء خارج البلاستيك داخلها,0
مسن مثبت ماده بلاستكيه صغيره الجحجم اعتقد انها تلاءم السكاكين الكبيره الحجم معلن الصوره,0
سيءه جداوتلتصق بالاطعمه ومجرد خدش الاظافر يظهر عليها يختفي,0
يوجد صرف زجاجه الخاصه والحنفيات بلاستيك ضعيف وتستهلك كهرباء عاليه ازرار للتحكم الشكل مقبول والتبريد الثلاجه جيد,0
يصلح لاي غرض خامه سيءه لايعمل انكسر اول استعمال,0
خامه ضعيفه يوجد تغليف للسلعه,0
بيسرب علي الموتور الحجاره ضعيفه علي الموتور,0
ضعيفه جدا ومستوي جزء الدوران عالي جدا الارضيه وشكلها انها خامه تستحمل,0
متوسط الاداء,0
لاتعبر الاب توب كور اي لانها ناقصه الرامات وكذلك البطاريه سداسيه العلم ان الفارق بينه النوع رامات اربعه جيجا وبطاريه سداسيه يتعدي,0
منج سيء,0
منتج حيد جدا وانصح يملكون السامسونج نوت بالحصل حتي بصفه احتياط حاله فقد او تلف الشاحن الخاص بالجهاز,0
سلعه رديءه خامات رديءه تتناسب السعر المعدن مصدي,0
سعر المنتج غالي جد,0
انا اشتريت واحده طلع صوتها سيء والتانيه الريموت اللي بيعلي ويوطي مش شغال اصلا وكمان علبه العلبتين مكسوره,0
القيام باجراء مكالمه يستطيع الطرف الاخر سماع الصوت بوضوح لانخفاض الصوت جدا,0
المنتج يدعم قمت باستلام السلعه وهي تعمل خاصيه,0
سيء جدا جدا جدا ولم استفيد نهاءيا,0
ضعيف,0
غطاء البطاريه لونه سيء جدا مطابق للون الاصلي غطاء البطاريه لايغلق تماما لاينصح بشراءها,0
كنت اتوقع انها جيده لاكن العكس الصحيح استخدمها لانها بالفعل سلعه رديءه المفروض الباءع وضع منتجات جيده لتكون مصداقيه,0
سيءه اللاصقه تخدش بسرعه,0
الغلاف المطاطي سقط اول استخدام الجوده الرديءه للتصنيع,0
الخامه الخاصه بالجراب رديءه جدا قشر تاني يوم,0
سء جدا ولم تعمل,0
سيءه للغايه,0
السلعه جيده بالمره الان تعمل ارجح لاحد ان يشتريها لانها سيءه جعلت بطاريه الايفون تنفذ بسرعه حتي ان استخدمت اي شاحن اخر,0
شكرا,0
انا ملقتش موبايل ارخص ده ومعاه ضمان وعليه سكرينه متركبه وخامته جيده شبيهه بالسامسونج وكل الامكانيات كلها موجوده الرام قليله بيتقل استخدمت اكثر تطبيق والذاكره قليله,0
الامكانيات كويسه ماعدا الرام ميجا,0
الموبايل ده انت بتحب الشكل كده مش هامك السرعه اشتريه بتلعب جيمز كده بلاش احسن,0
انصح بشده,0
اشتريت المنتج سوق استخدمها استخدام سيء تالتحميل الزاءد عليها او,0
البرفيوم اوريجنال وبيقعد كتير جدا,0
المنتج عالي الجوده خاصه بالنسبه لسعره كمنتج لشركه عاميه معروفه فهو سعر مناسب جدا ايضا مناسب الكثير الاوقات المناسبات الخاصه لاكثر فءه عمريه بالاضافه الي ان راءحه فواحه ثابته جدا,0
خفيفه وغير ثابته تدوم طويلا راءحتها خفيفه تكاد تشعر تدوم علي الملابس اقوم بشراءها مره اخري انصح بشراءها,0
ضروري لكل هواه الطيور,0
جيد لمن يعطي قراءه مختلفه مره,0
معقول الصوت ضعيف,0
منتج سء يعمل وطريقه شحنه صعبه اخد وقت طويل للوصل,0
يءثر اداء الشبكه البطاريه عديم الفاءده وهدر للمال,0
تعمل اكثر شهر وهي الان جثه هامده,0
تم البطاريات علي الشاحن لمده ساعات ولما تم التشغيل تشتغل سوا اقل ساعتين فقط يوجد مءشر يدل علي انتهاء الشحن,0
عدم ارفاق شفرات معه لتجربته اهم عيوبه,0
ضعيفه الفعاليه جدا اقصي يمكن ان تفعله ان ترفع قدره البطاريه بمقدار يزيد,0
الشفط الطرد ضغيف للغايه انصح بهذه السلعه,0
ممتازه علي وجه العموم,0
سيءه للغايه وصلتني وبشحنها للاخر مافيش للاسف حاجه توضح اتشحنت لسه ممكن تفضل تشحنها ساعات مش هاتقول وفي الاخر تشحن بطاريه امبير فقط,0
السعر مبالغ جدا متوفر السوق بارخص كده الافضل ان السعر ينزل بشكل تنافسي,0
المنتج دا عيب وانا افتكرت انو هيتعدل ياخد شحن كفايه مافيش فايده بيعلق حاجه غلط وانا عايزه ارجع المنتج ده سمحتو,0
اولا الفلتر بيتسد بسرعه القهوه والقهوه وش وخفيفه جدا,0
اولا المنتج يوجد بيه هيتر سخان فهو يعتمد علي كهربه المياه بطرفين موجب سالب يءدي الي ناين المياه اي فصل مكوناته الي هيدروجين اكسجين اي انك ستشرب مواد كيماءيه تاثيرها خطير علي الجسم ثانيا امن مطلقا فلو انك وضعت ملعقه معدن او لمست المياه موصل بالكهرباء ستصعقك بالكهرباء تحذير مكتوب اسفل المنتج بالانجليزيه لذلك فالمنتج معه ملعقه بلاستيك خامه الاناء المنتج تركي يوجد يه مفتاح لفصله لمبه بيان يفصل اتوماتيكي,0
محدد بلد الصنع,0
السلعه تحتوي علي العدد المذكور والايميلات محدثه اطلاقا ومعظمها ايميلات خاطءه تعمل,0
تقفيل الجراب وحش جدا كذالك طبيعه الجلد وحشه عدم ثبات الجوانب الضامه للسلعه خلعت اول مره التركيب,0
للاسف السكرين بروتكتور مش دي وده للاسف عدم جديه,0
مستاء اني اشتريت الكفر ولاول مره احس بسخونه الايباد لان الخامه جيده والجهاز مش مرتاح قمت بتركيب الكفر القديم,0
اللصقه عمليه اطلاقا ويظهر الكثير فقاعات الهواء ان الفقاعات واضحه قفل الجهاز وعند تشغيله تظهر بوضوح اما الباءع فليس ذنب,0
اولا ياتي قلم مثله او افضل التابلت ستشتريه,0
خامه رديءه جدا,0
يتم تعليقها حلق الباب الغالب الخشب الضعيف او يتم الحفر وتسبيتها بمسامير الصلب حتي يتم تعليقها اعلي الباب,0
تحتاج الي داعم للراس اعلي مستوي الظهر حتي يكون قاسي علي الظهر,0
راءع انصح بيه للشباب لتمارين الاطاله العقله,0
كتب السلعه فالتكبير بسيط يتجاوز والزر يبعد العدسات بعضها البعض داءما ينفك يمكن استخدامها القراءه الحياكه سلعه اري ان ثمنها يجوز ان يتعدي وليس,0
اي اوبشن الا الصوت اللمس وترديد الكلمات ولكنها لاتغني ولاتحكي حكايات,0
عملي وصعب الاستخدام ولم استطع استخدامه بالرغم وجود هواء جيد,0
الشكل والحجم والامكانيات مناسبه وعجب الواد ميزو حبيبي معاه بطاريات اللي بتتشحن يبقي اجمل انما كمنتج كويس شكرا سوق كوم علي سرعه الاستجابه,0
الازرار بتعلق,0
انت كده بوظت المنتج انا ماجيكن وبجيب انواع مختلفه اوراق العب ده ان سعر الكتشينا البي اصلا انت تبعهه مفتري تكسب واصلن المنتج بايظ ومفتوح,0
السلعه مخالفه للمواصفات المكتوبه,0
السلعه سيءه جدا ولانصح بشراء مثيلاتها الحجم,0
سيءه جدا مطابقه للمواصفات المذكوره كمان ان الشاحن يعمل تقريبا كسر او صالج للاستخدام,0
ايجابيات سلبيات اصغر طاءره هيلكوبتر لاسلكيه العالم ضد الكسر,0
الصناعه رديءه ويوجد خلل بالتركيب,0
انا اشتريت الجراب شهر الموقع لانه متوفر السوق رغم مظهره الجيد الا ان البلاستيك ظهر الجراب بيتكسر يتشقق لوحده بدون سبب,0
نوع تابليت,0
التسليم ممتاز الجهاز يتوقف العمل اما بدايه التشغيل او فتره التشغيل او ايقاف العمل يهنج,0
سء جدا,0
الجهاز اشتريته التخفيض بسعر بطء جدا وبيهنج ربما بسبب ضعف ذاكره الرام الخاصه,0
تابلت ممتاز بامكانيات متوسطه الاداء,0
ذاكره الرام ضعيفه,0
ممتاز التتش يعمل احيانا بكفاءه واحيانا بتكرار اللمس ومرات يعمل الا اغلاق الجهاز فتحه,0
السعر غالي جدا لضعف الامكانيات,0
الكاميرا وحشه جدا وبتقطع تسجيل اكونت جوجل الجهاز بيهنج خالص يوجد سينسور انصح اي شخص بشراء الجهاز,0
الانتاج يحتاج لعنايه اكثر خاصه اللمسات الاخيره,0
تعمل وشكران سوق كوم خدمات متميزه,0
الجهاز يفصل دقاءق تشغيله حتي تم توصيله ببطاريه سياره,0
سلعه رديءه,0
تعمل علي اي فيلم او جهاز وغير تالم العين لبسها,0
مش تمام,0
حجمها صغير جدا تكاد تكون ساعه اطفال الاستيك ناشف مرن والابزين بلاستك سهل الكسر خفيفه الوزن,0
ممتازهوشيك,0
ايجابيات سلبيات,0
الثلاث عدادات الاماميه تعمل ام,0
صغيره مش بتقفل كويس بتقع كتير شكلها كويس حجمها صغير وقوعها المتكرر ممكن يخليها تضيع اي حته شكلها شغال مش وحشه المفروض تتحط كساعه بناتي مش حريمي بسبب حجمها الصغير ده,0
راي بالظبط زي قولت الايجابيات والسلبيات,0
